x,y,01:17:C5:97:87:84,01:17:C5:97:44:BE,EE:FA:1C:0E:68:BF,FA:CF:CB:5D:0E:B8,CD:35:23:69:6B:69,FA:C5:13:37:F5:09,F3:B5:8A:4C:AA:CB,E5:6B:13:8B:A7:CD,CB:16:FA:98:34:D7,01:17:C5:38:7C:55,D2:AC:7C:25:36:FA,D3:88:EE:6C:33:17,01:17:C5:97:B5:70,01:17:C5:97:E7:B3,01:17:C5:97:5B:1D,01:17:C5:97:DE:E8,01:17:C5:38:88:EB,01:17:C5:38:82:CB,F0:AB:CE:31:10:B9,01:17:C5:97:1B:44,01:17:C5:97:58:C3,EC:7D:1E:28:F0:06,
-1500,-800,-91,-82,-90,-100,-100,-100,-100,-100,-70,-100,-100,-100,-81,-92,-67,-84,-100,-100,-100,-75,-97,-100,
-1500,-800,-91,-84,-77,-100,-100,-100,-100,-100,-75,-100,-100,-100,-78,-92,-67,-80,-100,-100,-100,-70,-93,-100,
-1500,-800,-91,-84,-77,-100,-100,-100,-100,-100,-75,-100,-100,-100,-78,-92,-67,-80,-100,-100,-100,-70,-93,-100,
-1500,-800,-91,-90,-86,-100,-100,-100,-100,-100,-67,-100,-100,-100,-76,-100,-66,-85,-100,-100,-100,-78,-92,-100,
-1500,-800,-91,-89,-75,-77,-100,-100,-100,-100,-100,-100,-100,-100,-76,-93,-64,-84,-99,-100,-100,-68,-88,-100,
-1500,-800,-90,-82,-100,-100,-100,-100,-100,-100,-100,-100,-100,-100,-77,-87,-63,-86,-100,-100,-100,-72,-95,-100,
-1500,-800,-90,-82,-100,-100,-100,-100,-100,-100,-100,-100,-100,-100,-77,-87,-63,-86,-100,-100,-100,-72,-95,-100,
-1500,-800,-85,-85,-100,-66,-100,-100,-100,-100,-100,-100,-100,-100,-78,-89,-67,-79,-100,-100,-100,-77,-91,-100,
-1500,-800,-85,-87,-86,-100,-100,-100,-100,-100,-65,-100,-100,-100,-79,-89,-64,-80,-100,-100,-100,-79,-93,-100,
-1500,-800,-86,-84,-76,-100,-100,-100,-100,-100,-66,-100,-100,-100,-79,-89,-67,-73,-96,-100,-100,-70,-90,-100,
-1500,-800,-87,-87,-77,-74,-71,-100,-100,-100,-74,-100,-100,-100,-78,-90,-67,-75,-100,-100,-100,-76,-95,-100,
-1500,-800,-87,-87,-77,-74,-71,-100,-100,-100,-74,-100,-100,-100,-78,-90,-67,-75,-100,-100,-100,-76,-95,-100,
-1500,-800,-90,-87,-73,-100,-66,-100,-100,-100,-100,-100,-100,-100,-75,-89,-72,-73,-100,-100,-100,-74,-89,-100,
-1500,-800,-90,-89,-100,-66,-100,-100,-100,-100,-75,-100,-100,-100,-92,-92,-75,-77,-100,-100,-100,-76,-94,-100,
-1500,-800,-92,-87,-77,-100,-75,-100,-100,-100,-100,-100,-100,-100,-74,-91,-73,-78,-100,-100,-100,-73,-86,-100,
-1500,-800,-88,-88,-100,-68,-100,-100,-100,-100,-100,-100,-100,-100,-73,-91,-75,-82,-100,-100,-100,-72,-87,-100,
-1500,-800,-88,-88,-100,-68,-100,-100,-100,-100,-100,-100,-100,-100,-73,-91,-75,-82,-100,-100,-100,-72,-87,-100,
-1500,-800,-87,-87,-100,-69,-100,-100,-100,-100,-74,-100,-100,-100,-76,-88,-72,-84,-100,-100,-100,-74,-97,-100,
-1500,-800,-86,-87,-82,-74,-70,-100,-100,-100,-100,-100,-100,-100,-72,-94,-74,-81,-100,-100,-100,-72,-93,-100,
-1500,-800,-90,-100,-100,-100,-73,-100,-100,-100,-100,-100,-100,-100,-74,-93,-70,-83,-100,-100,-100,-71,-92,-100,
-1500,-800,-85,-88,-74,-100,-62,-100,-100,-100,-57,-100,-100,-100,-78,-86,-69,-75,-100,-100,-100,-69,-93,-100,
-1500,-800,-79,-83,-100,-60,-57,-100,-100,-100,-60,-100,-100,-100,-80,-83,-63,-74,-93,-100,-100,-82,-93,-100,
-1500,-800,-81,-81,-100,-65,-70,-100,-100,-100,-100,-100,-100,-100,-84,-85,-62,-81,-100,-100,-100,-71,-88,-100,
-1500,-800,-81,-81,-100,-65,-70,-100,-100,-100,-100,-100,-100,-100,-84,-85,-62,-81,-100,-100,-100,-71,-88,-100,
-1500,-800,-81,-83,-77,-100,-100,-100,-100,-100,-64,-100,-100,-100,-80,-87,-68,-79,-95,-100,-100,-70,-88,-100,
-1500,-800,-81,-82,-100,-100,-67,-100,-100,-100,-64,-100,-100,-100,-77,-85,-65,-78,-100,-100,-100,-76,-91,-100,
-1500,-800,-80,-83,-82,-100,-100,-100,-100,-100,-62,-100,-100,-100,-81,-87,-69,-83,-94,-100,-100,-71,-88,-100,
-1500,-800,-81,-85,-74,-63,-100,-100,-100,-100,-66,-100,-100,-100,-87,-84,-66,-80,-98,-100,-100,-73,-88,-100,
-1500,-800,-81,-85,-74,-63,-100,-100,-100,-100,-66,-100,-100,-100,-87,-84,-66,-80,-98,-100,-100,-73,-88,-100,
-1500,-800,-81,-81,-100,-100,-61,-100,-100,-100,-100,-100,-100,-100,-79,-83,-68,-80,-100,-100,-100,-73,-90,-100,
-1500,-150,-83,-93,-100,-100,-61,-100,-100,-100,-63,-100,-100,-100,-82,-85,-61,-78,-100,-100,-100,-71,-89,-100,
-1500,-150,-81,-84,-68,-68,-100,-100,-100,-100,-100,-100,-100,-100,-78,-90,-64,-82,-100,-100,-100,-78,-91,-100,
-1500,-150,-82,-85,-100,-100,-100,-100,-100,-100,-100,-100,-100,-100,-78,-87,-64,-87,-94,-100,-100,-74,-91,-100,
-1500,-150,-81,-82,-66,-55,-62,-100,-100,-100,-100,-100,-100,-100,-77,-88,-62,-77,-100,-100,-100,-71,-87,-100,
-1500,-150,-81,-82,-66,-55,-62,-100,-100,-100,-100,-100,-100,-100,-77,-88,-62,-77,-100,-100,-100,-71,-87,-100,
-1500,-150,-87,-100,-66,-66,-60,-100,-100,-100,-54,-100,-100,-100,-77,-100,-100,-100,-100,-100,-100,-69,-91,-100,
-1500,-150,-80,-81,-64,-70,-100,-100,-100,-100,-54,-100,-100,-100,-71,-85,-62,-77,-100,-100,-100,-77,-91,-100,
-1500,-150,-80,-81,-64,-70,-100,-100,-100,-100,-54,-100,-100,-100,-71,-85,-62,-77,-100,-100,-100,-77,-91,-100,
-1500,-150,-83,-82,-68,-60,-100,-100,-100,-100,-54,-100,-100,-100,-70,-87,-62,-77,-100,-100,-100,-81,-89,-100,
-1500,-150,-83,-84,-100,-100,-100,-100,-100,-100,-100,-100,-100,-100,-71,-93,-62,-77,-100,-100,-100,-73,-93,-100,
-1500,-150,-85,-84,-75,-100,-78,-100,-100,-100,-100,-100,-100,-100,-76,-89,-66,-77,-100,-100,-100,-72,-89,-100,
-1500,-150,-85,-86,-100,-100,-100,-100,-100,-100,-77,-100,-100,-100,-76,-91,-68,-81,-100,-100,-100,-70,-100,-100,
-1500,-150,-85,-86,-68,-100,-68,-100,-100,-100,-73,-100,-100,-100,-78,-88,-66,-82,-100,-100,-100,-75,-87,-100,
-1500,-150,-86,-85,-77,-100,-100,-100,-100,-100,-100,-100,-100,-100,-76,-92,-64,-78,-100,-100,-100,-73,-93,-100,
-1500,-150,-86,-85,-77,-100,-100,-100,-100,-100,-100,-100,-100,-100,-76,-92,-64,-78,-100,-100,-100,-73,-93,-100,
-1500,-150,-84,-86,-70,-66,-71,-100,-100,-100,-100,-100,-100,-100,-77,-91,-62,-81,-100,-100,-100,-74,-96,-100,
-1500,-150,-83,-88,-72,-100,-69,-100,-100,-100,-100,-100,-100,-100,-76,-91,-62,-79,-100,-100,-100,-75,-90,-100,
-1500,-150,-82,-85,-71,-100,-72,-100,-100,-100,-80,-100,-100,-100,-75,-100,-61,-79,-100,-100,-100,-73,-87,-100,
-1500,-150,-82,-89,-100,-84,-68,-100,-100,-100,-100,-100,-100,-100,-75,-90,-61,-80,-100,-100,-100,-76,-88,-100,
-1500,-150,-84,-88,-100,-100,-73,-100,-100,-100,-75,-100,-100,-100,-76,-91,-59,-78,-100,-100,-100,-77,-100,-100,
-1500,-150,-81,-82,-70,-70,-68,-100,-100,-100,-77,-100,-100,-100,-78,-94,-61,-79,-100,-100,-100,-78,-87,-100,
-1500,-150,-87,-92,-74,-67,-68,-100,-100,-100,-62,-100,-100,-100,-75,-95,-69,-82,-100,-100,-100,-70,-93,-100,
-1500,-150,-86,-88,-72,-61,-100,-100,-100,-100,-65,-100,-100,-100,-81,-86,-62,-81,-100,-100,-100,-73,-95,-100,
-1500,-150,-86,-87,-72,-100,-64,-100,-100,-100,-65,-97,-100,-100,-74,-93,-68,-79,-99,-100,-100,-68,-92,-100,
-1500,-150,-84,-86,-100,-100,-70,-100,-100,-100,-64,-97,-100,-100,-74,-100,-67,-85,-96,-100,-100,-69,-93,-100,
-1500,-150,-84,-86,-100,-100,-70,-100,-100,-100,-64,-97,-100,-100,-74,-100,-67,-85,-96,-100,-100,-69,-93,-100,
-1500,-150,-86,-87,-100,-61,-66,-100,-100,-100,-68,-100,-100,-100,-74,-91,-65,-83,-100,-100,-100,-69,-94,-100,
-1500,-150,-87,-89,-69,-100,-69,-100,-100,-100,-100,-100,-100,-100,-74,-91,-66,-81,-100,-100,-100,-74,-100,-100,
-1500,-150,-84,-93,-68,-62,-100,-100,-100,-100,-100,-100,-100,-100,-77,-96,-59,-86,-93,-100,-100,-75,-94,-100,
-1500,-150,-90,-86,-68,-56,-100,-100,-100,-100,-100,-100,-100,-100,-72,-93,-63,-80,-100,-96,-100,-77,-90,-100,
-1000,-800,-79,-89,-73,-61,-77,-100,-100,-100,-100,-100,-100,-100,-78,-79,-59,-79,-100,-100,-100,-66,-81,-100,
-1000,-800,-78,-94,-100,-68,-100,-100,-100,-100,-100,-100,-100,-100,-89,-83,-61,-71,-100,-100,-100,-70,-98,-100,
-1000,-800,-82,-85,-77,-66,-100,-100,-100,-100,-100,-100,-100,-100,-88,-84,-61,-73,-100,-100,-100,-64,-90,-100,
-1000,-800,-81,-90,-100,-100,-100,-100,-100,-100,-100,-100,-100,-100,-77,-82,-60,-76,-100,-100,-100,-69,-93,-100,
-1000,-800,-80,-84,-72,-100,-100,-100,-100,-100,-65,-100,-100,-100,-77,-84,-60,-78,-100,-100,-100,-68,-94,-100,
-1000,-800,-80,-84,-72,-100,-100,-100,-100,-100,-65,-100,-100,-100,-77,-84,-60,-78,-100,-100,-100,-68,-94,-100,
-1000,-800,-80,-83,-77,-66,-100,-100,-100,-100,-100,-100,-100,-100,-82,-93,-62,-75,-100,-100,-100,-66,-100,-100,
-1000,-800,-80,-84,-80,-62,-64,-100,-100,-100,-100,-100,-100,-100,-80,-86,-61,-74,-100,-100,-100,-64,-100,-100,
-1000,-800,-81,-83,-100,-65,-100,-100,-100,-100,-100,-100,-100,-100,-78,-81,-62,-73,-100,-100,-100,-68,-97,-100,
-1000,-800,-80,-84,-100,-100,-67,-100,-100,-100,-72,-100,-100,-100,-83,-85,-63,-74,-100,-100,-100,-71,-93,-100,
-1000,-800,-89,-87,-100,-61,-68,-100,-100,-100,-67,-100,-100,-100,-81,-86,-67,-80,-100,-100,-100,-66,-100,-100,
-1000,-800,-88,-86,-74,-60,-100,-100,-100,-100,-68,-100,-100,-100,-78,-87,-67,-82,-100,-100,-100,-68,-93,-100,
-1000,-800,-87,-84,-73,-56,-100,-100,-100,-100,-100,-100,-100,-100,-88,-88,-64,-83,-100,-100,-100,-69,-97,-100,
-1000,-800,-87,-86,-75,-100,-100,-100,-100,-100,-63,-100,-100,-100,-81,-88,-63,-78,-100,-100,-100,-69,-92,-100,
-1000,-800,-87,-86,-75,-100,-100,-100,-100,-100,-63,-100,-100,-100,-81,-88,-63,-78,-100,-100,-100,-69,-92,-100,
-1000,-800,-87,-96,-100,-100,-100,-100,-100,-100,-62,-100,-100,-100,-81,-86,-66,-82,-100,-100,-100,-67,-93,-100,
-1000,-800,-86,-97,-77,-100,-61,-100,-100,-100,-61,-100,-100,-100,-84,-87,-62,-82,-100,-99,-100,-64,-100,-100,
-1000,-800,-87,-100,-78,-100,-100,-100,-100,-100,-67,-100,-100,-100,-78,-85,-61,-77,-100,-100,-100,-68,-94,-100,
-1000,-800,-87,-85,-100,-56,-61,-100,-100,-100,-60,-100,-100,-100,-84,-85,-63,-82,-100,-100,-100,-65,-92,-100,
-1000,-800,-88,-96,-100,-57,-100,-100,-100,-100,-66,-100,-100,-100,-81,-87,-63,-82,-100,-95,-100,-66,-96,-100,
-1000,-800,-88,-88,-100,-62,-60,-100,-100,-100,-100,-100,-100,-100,-80,-85,-61,-81,-100,-100,-100,-71,-100,-100,
-1000,-800,-85,-85,-100,-63,-56,-100,-100,-100,-63,-100,-100,-100,-80,-86,-65,-78,-100,-100,-100,-75,-92,-100,
-1000,-800,-84,-87,-70,-100,-57,-100,-100,-100,-100,-100,-100,-100,-80,-86,-65,-75,-100,-100,-100,-73,-91,-100,
-1000,-800,-84,-87,-70,-100,-57,-100,-100,-100,-100,-100,-100,-100,-80,-86,-65,-75,-100,-100,-100,-73,-91,-100,
-1000,-800,-84,-87,-66,-56,-60,-100,-100,-100,-60,-100,-100,-100,-77,-84,-60,-79,-100,-100,-100,-75,-92,-100,
-1000,-800,-90,-86,-71,-55,-100,-100,-100,-100,-68,-100,-100,-100,-78,-85,-57,-75,-100,-100,-100,-82,-98,-100,
-1000,-800,-88,-88,-73,-54,-59,-100,-100,-100,-100,-100,-100,-100,-77,-86,-57,-74,-100,-95,-100,-76,-92,-100,
-1000,-800,-86,-93,-73,-57,-100,-100,-100,-100,-100,-100,-100,-100,-77,-84,-58,-77,-100,-100,-100,-74,-91,-100,
-1000,-800,-86,-93,-73,-57,-100,-100,-100,-100,-100,-100,-100,-100,-77,-84,-58,-77,-100,-100,-100,-74,-91,-100,
-1000,-800,-87,-88,-69,-58,-100,-100,-100,-100,-100,-100,-100,-100,-80,-87,-57,-78,-100,-100,-100,-75,-91,-100,
-1180,-150,-84,-85,-70,-55,-58,-100,-100,-100,-100,-100,-100,-100,-71,-86,-60,-85,-100,-100,-100,-80,-88,-100,
-1180,-150,-85,-79,-100,-100,-100,-100,-100,-100,-70,-100,-100,-100,-72,-90,-57,-82,-100,-100,-100,-76,-86,-100,
-1180,-150,-88,-82,-63,-100,-54,-100,-100,-100,-100,-97,-100,-100,-73,-83,-53,-85,-100,-100,-100,-72,-85,-100,
-1180,-150,-88,-83,-100,-58,-100,-100,-100,-100,-100,-100,-100,-100,-73,-87,-54,-84,-100,-100,-100,-76,-88,-100,
-1180,-150,-86,-86,-66,-58,-100,-100,-100,-100,-56,-100,-100,-100,-70,-90,-54,-80,-100,-100,-100,-73,-89,-100,
-1180,-150,-86,-86,-66,-58,-100,-100,-100,-100,-56,-100,-100,-100,-70,-90,-54,-80,-100,-100,-100,-73,-89,-100,
-1180,-150,-88,-84,-100,-52,-55,-100,-100,-100,-55,-100,-100,-100,-71,-84,-54,-82,-100,-100,-100,-76,-88,-100,
-1180,-150,-84,-84,-61,-100,-53,-100,-100,-100,-100,-100,-100,-100,-73,-84,-57,-91,-100,-100,-100,-72,-92,-100,
-1180,-150,-82,-82,-67,-50,-100,-100,-100,-100,-100,-100,-100,-100,-72,-86,-55,-77,-100,-100,-100,-70,-90,-100,
-1180,-150,-86,-91,-100,-50,-66,-100,-100,-100,-54,-100,-100,-100,-74,-83,-54,-77,-100,-100,-100,-74,-92,-100,
-1180,-150,-84,-86,-100,-53,-54,-100,-100,-100,-59,-93,-100,-100,-71,-94,-53,-81,-100,-100,-100,-76,-90,-100,
-1180,-150,-89,-87,-62,-100,-100,-100,-100,-100,-58,-100,-100,-100,-70,-87,-53,-74,-96,-94,-100,-78,-100,-100,
-1180,-150,-86,-81,-100,-100,-100,-100,-100,-100,-53,-97,-100,-100,-70,-85,-55,-74,-100,-100,-100,-79,-97,-100,
-1180,-150,-90,-89,-100,-100,-100,-100,-100,-100,-61,-100,-100,-100,-70,-88,-55,-75,-100,-100,-100,-77,-94,-100,
-1180,-150,-88,-84,-62,-53,-100,-100,-100,-100,-62,-96,-100,-100,-71,-87,-57,-76,-100,-98,-100,-78,-91,-100,
-1180,-150,-88,-84,-59,-100,-100,-100,-100,-100,-54,-100,-100,-100,-69,-85,-56,-77,-100,-98,-100,-82,-95,-100,
-1180,-150,-88,-84,-59,-100,-100,-100,-100,-100,-54,-100,-100,-100,-69,-85,-56,-77,-100,-98,-100,-82,-95,-100,
-1180,-150,-85,-82,-59,-100,-50,-100,-100,-100,-64,-100,-100,-100,-70,-86,-58,-76,-100,-96,-100,-73,-95,-100,
-1180,-150,-90,-89,-60,-55,-48,-100,-100,-100,-100,-100,-100,-100,-71,-87,-58,-79,-100,-92,-100,-74,-90,-100,
-1180,-150,-87,-85,-62,-53,-100,-100,-100,-100,-100,-100,-100,-100,-70,-85,-56,-75,-100,-96,-100,-73,-96,-100,
-1180,-150,-81,-88,-100,-100,-100,-100,-100,-100,-60,-100,-100,-100,-73,-88,-67,-83,-100,-100,-100,-72,-87,-100,
-1180,-150,-76,-85,-73,-100,-100,-100,-100,-100,-68,-100,-100,-100,-73,-87,-67,-88,-100,-100,-100,-71,-91,-100,
-1180,-150,-84,-86,-70,-100,-52,-100,-100,-100,-74,-100,-100,-100,-75,-88,-64,-78,-100,-100,-100,-68,-88,-100,
-1180,-150,-87,-83,-100,-66,-100,-100,-100,-100,-62,-100,-100,-100,-74,-87,-61,-76,-100,-100,-100,-72,-88,-100,
-1180,-150,-88,-84,-72,-100,-100,-100,-100,-100,-65,-100,-100,-100,-71,-90,-71,-76,-100,-100,-100,-67,-90,-100,
-1180,-150,-88,-84,-72,-100,-100,-100,-100,-100,-65,-100,-100,-100,-71,-90,-71,-76,-100,-100,-100,-67,-90,-100,
-1180,-150,-85,-87,-100,-100,-57,-100,-100,-100,-65,-100,-100,-100,-72,-100,-70,-74,-100,-100,-100,-70,-90,-100,
-1180,-150,-77,-86,-75,-100,-100,-100,-100,-100,-100,-100,-100,-100,-72,-90,-70,-89,-100,-100,-100,-71,-92,-100,
-1180,-150,-74,-88,-100,-73,-62,-100,-100,-100,-100,-95,-100,-100,-74,-96,-65,-88,-100,-100,-100,-71,-88,-100,
-1180,-150,-88,-84,-90,-65,-86,-100,-100,-100,-61,-100,-100,-100,-75,-92,-66,-78,-100,-100,-100,-71,-86,-100,
-810,-120,-74,-84,-100,-71,-72,-100,-100,-100,-74,-100,-100,-100,-80,-87,-61,-80,-100,-100,-100,-69,-82,-100,
-810,-120,-76,-85,-92,-70,-66,-100,-100,-100,-100,-100,-100,-100,-79,-82,-61,-87,-100,-100,-100,-73,-88,-100,
-810,-120,-73,-86,-100,-74,-64,-100,-100,-100,-71,-100,-100,-100,-83,-85,-62,-81,-100,-100,-100,-73,-92,-100,
-810,-120,-76,-90,-81,-76,-100,-100,-100,-100,-70,-100,-100,-100,-81,-86,-61,-77,-100,-100,-100,-72,-83,-100,
-810,-120,-75,-83,-100,-100,-100,-100,-100,-100,-65,-100,-100,-100,-78,-84,-61,-80,-100,-100,-100,-74,-85,-100,
-810,-120,-75,-83,-100,-100,-100,-100,-100,-100,-65,-100,-100,-100,-78,-84,-61,-80,-100,-100,-100,-74,-85,-100,
-810,-120,-75,-88,-77,-100,-74,-100,-100,-100,-65,-100,-100,-100,-84,-82,-63,-83,-100,-100,-100,-69,-82,-100,
-810,-120,-73,-87,-100,-100,-65,-100,-100,-100,-100,-100,-100,-100,-87,-83,-64,-78,-100,-100,-100,-70,-82,-100,
-810,-120,-75,-88,-100,-100,-70,-100,-100,-100,-72,-100,-100,-100,-77,-82,-63,-83,-100,-100,-100,-70,-84,-100,
-810,-120,-75,-90,-82,-100,-70,-100,-100,-100,-66,-100,-100,-100,-82,-80,-60,-90,-100,-100,-100,-71,-86,-100,
-810,-120,-66,-88,-100,-71,-100,-100,-100,-100,-100,-100,-100,-100,-74,-90,-73,-87,-100,-100,-100,-100,-75,-100,
-810,-120,-64,-89,-76,-68,-100,-100,-100,-100,-82,-100,-100,-100,-84,-87,-76,-85,-100,-100,-100,-73,-78,-100,
-810,-120,-66,-90,-100,-74,-100,-100,-100,-100,-100,-100,-100,-100,-74,-80,-76,-82,-100,-100,-97,-79,-76,-100,
-810,-120,-66,-90,-100,-100,-100,-100,-100,-100,-100,-100,-100,-100,-79,-82,-71,-86,-100,-100,-100,-74,-84,-100,
-810,-120,-71,-90,-100,-73,-100,-100,-100,-100,-78,-100,-100,-100,-77,-80,-73,-78,-100,-100,-100,-80,-83,-100,
-810,-120,-72,-90,-100,-72,-100,-100,-100,-100,-79,-100,-100,-100,-74,-80,-72,-82,-100,-100,-100,-75,-74,-100,
-810,-120,-69,-87,-85,-73,-100,-100,-100,-100,-78,-100,-100,-100,-77,-81,-75,-83,-100,-100,-100,-81,-73,-100,
-810,-120,-69,-87,-85,-73,-100,-100,-100,-100,-78,-100,-100,-100,-77,-81,-75,-83,-100,-100,-100,-81,-73,-100,
-810,-120,-68,-90,-82,-76,-100,-100,-100,-100,-100,-100,-100,-100,-79,-80,-75,-84,-100,-100,-100,-77,-81,-100,
-810,-120,-66,-82,-100,-74,-100,-100,-100,-100,-100,-100,-100,-100,-78,-80,-73,-82,-100,-100,-100,-77,-81,-96,
-810,-120,-75,-90,-76,-76,-100,-100,-100,-100,-63,-100,-100,-100,-78,-88,-64,-85,-100,-100,-100,-79,-77,-100,
-810,-120,-73,-89,-100,-78,-70,-100,-100,-100,-64,-100,-100,-100,-84,-89,-67,-85,-100,-100,-100,-73,-85,-100,
-810,-120,-69,-87,-100,-100,-100,-100,-100,-100,-70,-100,-100,-100,-83,-89,-65,-79,-100,-100,-93,-69,-78,-100,
-810,-120,-69,-87,-100,-100,-100,-100,-100,-100,-70,-100,-100,-100,-83,-89,-65,-79,-100,-100,-93,-69,-78,-100,
-810,-120,-69,-89,-73,-77,-77,-100,-100,-100,-64,-100,-100,-100,-79,-84,-64,-81,-100,-100,-100,-68,-80,-100,
-810,-120,-68,-91,-76,-67,-100,-100,-100,-100,-100,-100,-100,-100,-86,-86,-63,-80,-100,-100,-100,-67,-82,-100,
-810,-120,-66,-94,-77,-100,-70,-100,-100,-100,-100,-100,-100,-100,-83,-86,-63,-78,-100,-100,-100,-66,-77,-100,
-810,-120,-67,-84,-100,-62,-69,-100,-100,-100,-100,-100,-100,-100,-84,-86,-63,-80,-100,-100,-100,-67,-84,-100,
-810,-120,-68,-85,-70,-66,-66,-100,-100,-100,-63,-100,-100,-100,-81,-88,-63,-79,-100,-100,-100,-67,-79,-100,
-810,-120,-68,-86,-100,-100,-73,-100,-100,-100,-65,-100,-100,-100,-80,-91,-62,-79,-100,-100,-100,-70,-82,-100,
-460,-150,-72,-81,-100,-100,-100,-100,-100,-100,-100,-100,-100,-100,-84,-90,-72,-86,-100,-100,-100,-79,-85,-100,
-460,-150,-72,-81,-100,-100,-100,-100,-100,-100,-100,-100,-100,-100,-84,-90,-72,-86,-100,-100,-100,-79,-85,-100,
-460,-150,-66,-79,-100,-72,-100,-100,-100,-100,-100,-100,-100,-100,-78,-82,-82,-77,-100,-100,-100,-75,-81,-100,
-460,-150,-68,-81,-83,-100,-100,-100,-100,-100,-100,-100,-100,-100,-79,-82,-79,-90,-100,-100,-100,-74,-86,-100,
-460,-150,-65,-80,-100,-100,-80,-100,-100,-100,-100,-100,-100,-100,-79,-87,-78,-77,-100,-100,-100,-78,-85,-100,
-460,-150,-64,-80,-85,-100,-100,-100,-100,-100,-73,-100,-100,-100,-82,-87,-83,-79,-100,-100,-100,-79,-86,-100,
-460,-150,-64,-80,-85,-100,-100,-100,-100,-100,-73,-100,-100,-100,-82,-87,-83,-79,-100,-100,-100,-79,-86,-100,
-460,-150,-64,-82,-100,-100,-100,-100,-100,-100,-73,-100,-100,-100,-83,-82,-75,-89,-100,-100,-100,-79,-82,-100,
-460,-150,-68,-82,-100,-73,-78,-100,-100,-100,-73,-100,-100,-100,-80,-85,-80,-81,-100,-100,-100,-74,-79,-100,
-460,-150,-66,-82,-100,-73,-79,-100,-100,-100,-100,-100,-100,-100,-82,-85,-80,-79,-100,-100,-100,-76,-86,-100,
-460,-150,-69,-78,-100,-100,-100,-100,-100,-100,-72,-100,-100,-100,-73,-94,-79,-98,-100,-100,-93,-77,-74,-100,
-460,-150,-69,-78,-100,-100,-100,-100,-100,-100,-72,-100,-100,-100,-73,-94,-79,-98,-100,-100,-93,-77,-74,-100,
-460,-150,-69,-79,-85,-100,-100,-100,-100,-100,-75,-100,-100,-100,-72,-91,-79,-95,-100,-100,-100,-76,-73,-100,
-460,-150,-69,-81,-100,-83,-80,-100,-100,-100,-100,-100,-100,-100,-74,-95,-73,-93,-100,-100,-100,-74,-73,-100,
-460,-150,-68,-86,-100,-79,-75,-100,-100,-100,-100,-100,-100,-100,-73,-93,-75,-89,-100,-100,-100,-76,-74,-100,
-460,-150,-66,-86,-100,-100,-75,-100,-100,-100,-83,-100,-100,-100,-74,-87,-77,-90,-100,-100,-100,-74,-76,-100,
-460,-150,-69,-83,-100,-100,-100,-100,-100,-100,-100,-100,-100,-100,-74,-91,-71,-88,-100,-100,-100,-75,-80,-100,
-460,-150,-69,-83,-100,-100,-100,-100,-100,-100,-100,-100,-100,-100,-74,-91,-71,-88,-100,-100,-100,-75,-80,-100,
-460,-150,-79,-81,-100,-100,-79,-100,-100,-100,-76,-100,-100,-100,-80,-92,-75,-88,-100,-100,-100,-77,-78,-100,
-460,-150,-75,-88,-100,-100,-100,-100,-100,-100,-78,-100,-100,-100,-74,-93,-76,-87,-100,-100,-100,-76,-86,-100,
-460,-150,-76,-91,-100,-76,-75,-100,-100,-100,-100,-100,-100,-100,-74,-86,-79,-84,-100,-100,-100,-71,-84,-100,
-460,-150,-73,-87,-100,-72,-100,-100,-100,-100,-100,-100,-100,-100,-72,-81,-75,-90,-100,-100,-100,-70,-81,-100,
-460,-150,-73,-88,-83,-100,-78,-100,-100,-100,-77,-100,-100,-100,-71,-85,-77,-81,-100,-100,-100,-72,-81,-100,
-460,-150,-73,-88,-83,-100,-78,-100,-100,-100,-77,-100,-100,-100,-71,-85,-77,-81,-100,-100,-100,-72,-81,-100,
-460,-150,-71,-87,-87,-100,-100,-100,-100,-100,-100,-100,-100,-100,-71,-85,-80,-80,-100,-100,-100,-72,-80,-100,
-460,-150,-76,-89,-79,-100,-77,-100,-100,-100,-100,-100,-100,-100,-71,-83,-80,-80,-100,-100,-100,-76,-90,-100,
-460,-150,-74,-87,-100,-100,-77,-100,-100,-100,-100,-100,-100,-100,-72,-86,-77,-81,-100,-100,-100,-71,-78,-100,
-460,-150,-72,-86,-100,-100,-70,-100,-100,-100,-100,-100,-100,-100,-71,-84,-77,-82,-100,-100,-100,-72,-80,-100,
-460,-150,-72,-86,-100,-100,-70,-100,-100,-100,-100,-100,-100,-100,-71,-84,-77,-82,-100,-100,-100,-72,-80,-100,
-460,-150,-73,-90,-86,-77,-77,-100,-100,-100,-100,-100,-100,-100,-73,-84,-82,-82,-100,-100,-100,-72,-79,-100,
-460,250,-60,-80,-90,-79,-86,-100,-100,-100,-100,-100,-100,-100,-81,-84,-84,-87,-100,-100,-100,-78,-74,-100,
-460,250,-60,-87,-100,-100,-100,-100,-100,-100,-100,-100,-100,-100,-83,-85,-85,-90,-100,-100,-100,-76,-74,-100,
-460,250,-58,-84,-100,-100,-81,-100,-100,-100,-100,-100,-100,-100,-77,-85,-79,-88,-100,-100,-100,-75,-74,-100,
-460,250,-63,-84,-100,-100,-100,-100,-100,-100,-77,-100,-100,-100,-82,-86,-80,-83,-100,-100,-100,-79,-74,-100,
-460,250,-61,-84,-86,-75,-87,-100,-100,-100,-100,-100,-100,-100,-79,-86,-78,-90,-100,-100,-100,-70,-72,-100,
-460,250,-61,-84,-86,-75,-87,-100,-100,-100,-100,-100,-100,-100,-79,-86,-78,-90,-100,-100,-100,-70,-72,-100,
-460,250,-62,-84,-86,-100,-80,-100,-100,-100,-81,-100,-100,-100,-80,-86,-79,-85,-100,-100,-100,-74,-74,-100,
-460,250,-60,-84,-100,-100,-83,-100,-100,-100,-80,-100,-100,-100,-83,-84,-78,-91,-100,-100,-89,-71,-75,-100,
-460,250,-60,-86,-86,-100,-79,-100,-100,-100,-100,-100,-100,-100,-82,-84,-78,-88,-100,-100,-100,-74,-75,-100,
-460,250,-61,-81,-100,-100,-100,-100,-100,-100,-100,-100,-100,-100,-78,-88,-82,-88,-100,-100,-100,-73,-74,-100,
-460,250,-63,-80,-100,-100,-100,-100,-100,-100,-80,-100,-100,-100,-78,-87,-81,-89,-100,-100,-100,-76,-74,-100,
-460,250,-67,-80,-85,-100,-100,-100,-100,-100,-100,-100,-100,-100,-75,-92,-82,-90,-100,-100,-100,-82,-75,-100,
-460,250,-59,-83,-100,-100,-84,-100,-100,-100,-87,-100,-100,-100,-68,-96,-80,-87,-100,-100,-100,-82,-76,-100,
-460,250,-59,-79,-100,-100,-100,-100,-100,-100,-81,-100,-100,-100,-70,-95,-80,-89,-100,-100,-95,-82,-79,-100,
-460,250,-59,-83,-100,-100,-79,-100,-100,-100,-100,-100,-100,-100,-73,-100,-79,-92,-100,-100,-100,-82,-79,-100,
-460,250,-59,-83,-100,-100,-79,-100,-100,-100,-100,-100,-100,-100,-73,-100,-79,-92,-100,-100,-100,-82,-79,-100,
-460,250,-65,-83,-100,-100,-79,-100,-100,-100,-100,-100,-100,-100,-72,-95,-79,-91,-100,-100,-100,-83,-77,-100,
-460,250,-66,-84,-87,-100,-100,-100,-100,-100,-100,-100,-100,-100,-78,-94,-79,-93,-100,-100,-100,-84,-76,-100,
-460,250,-56,-79,-86,-100,-100,-100,-100,-100,-100,-100,-100,-100,-69,-100,-79,-89,-100,-100,-100,-83,-76,-100,
-460,250,-57,-80,-100,-100,-100,-100,-100,-100,-100,-100,-100,-100,-72,-90,-80,-90,-100,-100,-100,-83,-79,-100,
-460,250,-72,-85,-100,-100,-100,-100,-100,-100,-100,-100,-100,-100,-83,-85,-71,-90,-100,-100,-100,-76,-82,-100,
-460,250,-75,-80,-82,-78,-77,-100,-100,-100,-77,-100,-100,-100,-85,-79,-71,-86,-100,-100,-100,-74,-84,-100,
-460,250,-75,-80,-82,-78,-77,-100,-100,-100,-77,-100,-100,-100,-85,-79,-71,-86,-100,-100,-100,-74,-84,-100,
-460,250,-71,-76,-82,-77,-77,-100,-100,-100,-100,-100,-100,-100,-82,-84,-76,-100,-100,-100,-100,-74,-74,-100,
-460,250,-73,-75,-83,-100,-78,-100,-100,-100,-77,-100,-100,-100,-78,-84,-72,-91,-100,-100,-100,-77,-83,-100,
-460,250,-76,-76,-100,-77,-80,-100,-100,-100,-100,-100,-100,-100,-77,-86,-71,-88,-100,-100,-100,-74,-86,-100,
-460,250,-74,-89,-81,-100,-72,-100,-100,-100,-100,-100,-100,-100,-80,-85,-74,-89,-100,-100,-100,-75,-77,-100,
-460,250,-74,-89,-81,-100,-72,-100,-100,-100,-100,-100,-100,-100,-80,-85,-74,-89,-100,-100,-100,-75,-77,-100,
-460,250,-75,-81,-100,-100,-100,-100,-100,-100,-100,-100,-100,-100,-78,-85,-71,-86,-100,-100,-100,-82,-84,-100,
-460,250,-81,-81,-100,-100,-100,-100,-100,-100,-100,-100,-100,-100,-77,-80,-77,-84,-100,-100,-100,-73,-90,-100,
-600,1240,-83,-84,-100,-82,-100,-83,-90,-100,-100,-100,-100,-100,-83,-95,-91,-100,-100,-100,-82,-82,-59,-100,
-600,1240,-78,-84,-100,-82,-100,-85,-86,-100,-100,-100,-100,-100,-86,-95,-88,-94,-100,-100,-100,-84,-63,-100,
-600,1240,-78,-84,-100,-82,-100,-85,-86,-100,-100,-100,-100,-100,-86,-95,-88,-94,-100,-100,-100,-84,-63,-100,
-600,1240,-84,-84,-100,-100,-100,-100,-88,-100,-100,-100,-100,-100,-80,-94,-86,-91,-100,-100,-79,-86,-57,-100,
-600,1240,-77,-86,-100,-100,-100,-100,-100,-100,-90,-100,-100,-100,-83,-96,-90,-100,-100,-100,-100,-88,-56,-100,
-600,1240,-77,-83,-100,-84,-100,-100,-100,-100,-100,-100,-100,-100,-83,-95,-88,-100,-100,-100,-100,-84,-55,-100,
-600,1240,-78,-86,-100,-100,-100,-100,-88,-100,-100,-100,-100,-100,-79,-94,-89,-100,-100,-100,-100,-88,-55,-100,
-600,1240,-82,-75,-100,-100,-100,-81,-88,-100,-100,-100,-100,-100,-84,-95,-89,-93,-100,-100,-77,-88,-56,-100,
-600,1240,-82,-75,-100,-100,-100,-81,-88,-100,-100,-100,-100,-100,-84,-95,-89,-93,-100,-100,-77,-88,-56,-100,
-600,1240,-78,-81,-100,-100,-100,-100,-100,-100,-100,-100,-100,-100,-86,-94,-89,-96,-100,-100,-75,-85,-64,-100,
-600,1240,-92,-83,-100,-81,-100,-100,-87,-100,-100,-100,-100,-100,-80,-96,-89,-100,-100,-100,-100,-87,-55,-100,
-600,1240,-76,-80,-100,-100,-100,-100,-86,-100,-90,-100,-100,-100,-83,-100,-93,-100,-100,-100,-93,-86,-64,-100,
-600,1240,-79,-76,-100,-100,-100,-100,-100,-100,-100,-100,-100,-100,-84,-93,-91,-94,-100,-100,-100,-90,-65,-100,
-600,1240,-75,-80,-100,-100,-100,-90,-88,-100,-100,-100,-100,-100,-80,-94,-87,-92,-100,-100,-100,-86,-64,-100,
-600,1240,-80,-81,-100,-100,-100,-100,-90,-100,-100,-100,-100,-100,-90,-96,-91,-93,-100,-100,-86,-85,-69,-100,
-600,1240,-84,-71,-100,-100,-100,-100,-87,-100,-92,-100,-100,-100,-83,-94,-90,-94,-100,-100,-85,-90,-73,-100,
-600,1240,-79,-72,-100,-100,-100,-92,-100,-100,-100,-100,-100,-100,-83,-96,-87,-95,-100,-100,-84,-85,-61,-100,
-600,1240,-79,-74,-100,-100,-100,-100,-86,-100,-100,-100,-100,-100,-83,-100,-88,-100,-100,-100,-100,-88,-71,-100,
-600,1240,-79,-74,-100,-100,-100,-100,-86,-100,-100,-100,-100,-100,-83,-100,-88,-100,-100,-100,-100,-88,-71,-100,
-600,1240,-78,-72,-100,-100,-100,-100,-89,-100,-100,-100,-100,-100,-82,-95,-87,-92,-100,-100,-100,-86,-67,-100,
-600,1240,-80,-75,-100,-100,-100,-100,-97,-100,-100,-100,-100,-100,-83,-90,-84,-100,-100,-100,-100,-80,-63,-100,
-600,1240,-76,-76,-100,-100,-100,-100,-100,-100,-100,-100,-100,-100,-88,-92,-86,-100,-100,-100,-81,-84,-71,-100,
-600,1240,-77,-79,-100,-100,-100,-100,-100,-100,-100,-100,-100,-100,-86,-95,-84,-100,-100,-100,-100,-84,-68,-100,
-600,1240,-79,-79,-100,-100,-100,-87,-93,-100,-100,-100,-100,-100,-87,-95,-88,-100,-100,-100,-83,-83,-62,-100,
-600,1240,-78,-80,-100,-100,-100,-100,-100,-100,-100,-100,-100,-100,-88,-93,-83,-100,-100,-100,-100,-87,-63,-100,
-600,1240,-78,-80,-100,-100,-100,-100,-100,-100,-100,-100,-100,-100,-88,-93,-83,-100,-100,-100,-100,-87,-63,-100,
-600,1240,-75,-78,-100,-100,-100,-100,-90,-100,-100,-100,-100,-100,-87,-92,-89,-96,-100,-100,-100,-84,-63,-100,
-600,1240,-79,-80,-100,-100,-100,-100,-100,-100,-100,-100,-100,-100,-88,-93,-87,-97,-100,-100,-100,-83,-68,-100,
-600,1240,-76,-78,-100,-100,-87,-100,-100,-100,-100,-100,-100,-100,-88,-95,-86,-95,-100,-100,-100,-85,-68,-100,
-600,1240,-74,-80,-100,-100,-100,-100,-94,-100,-100,-100,-100,-100,-86,-92,-84,-94,-100,-100,-81,-84,-70,-100,
-720,1520,-82,-73,-100,-100,-100,-88,-100,-100,-100,-100,-100,-100,-79,-91,-88,-100,-100,-100,-81,-100,-73,-100,
-720,1520,-82,-73,-100,-100,-100,-88,-100,-100,-100,-100,-100,-100,-79,-91,-88,-100,-100,-100,-81,-100,-73,-100,
-720,1520,-83,-81,-100,-100,-100,-100,-100,-100,-100,-100,-100,-100,-81,-97,-92,-100,-100,-100,-100,-87,-71,-100,
-720,1520,-86,-77,-100,-100,-100,-90,-93,-100,-100,-100,-100,-100,-84,-97,-94,-100,-100,-100,-100,-85,-70,-100,
-720,1520,-86,-78,-100,-100,-100,-100,-100,-100,-100,-100,-100,-100,-81,-100,-89,-100,-100,-100,-100,-87,-66,-100,
-720,1520,-85,-75,-100,-100,-100,-100,-100,-100,-100,-100,-100,-100,-80,-94,-88,-94,-100,-100,-100,-86,-74,-100,
-720,1520,-85,-75,-100,-100,-100,-100,-100,-100,-100,-100,-100,-100,-80,-94,-88,-94,-100,-100,-100,-86,-74,-100,
-720,1520,-84,-76,-96,-100,-92,-93,-100,-100,-100,-100,-100,-100,-77,-94,-92,-96,-100,-100,-100,-84,-70,-100,
-720,1520,-86,-81,-100,-100,-91,-100,-100,-100,-100,-100,-100,-100,-80,-92,-97,-100,-100,-100,-100,-84,-66,-100,
-720,1520,-84,-76,-100,-100,-90,-86,-100,-100,-100,-100,-100,-100,-77,-92,-89,-100,-100,-100,-100,-86,-66,-100,
-720,1520,-80,-80,-100,-100,-100,-100,-100,-100,-100,-100,-100,-100,-76,-92,-92,-100,-100,-100,-100,-87,-63,-100,
-720,1520,-82,-83,-100,-100,-100,-100,-88,-100,-100,-100,-100,-100,-83,-100,-91,-100,-100,-100,-100,-86,-67,-100,
-720,1520,-77,-85,-100,-100,-100,-100,-100,-100,-100,-100,-100,-100,-79,-96,-88,-97,-100,-100,-85,-83,-64,-100,
-720,1520,-80,-76,-100,-100,-90,-100,-91,-100,-100,-100,-100,-100,-78,-93,-86,-100,-100,-100,-76,-87,-67,-100,
-720,1520,-78,-77,-100,-100,-100,-100,-100,-100,-100,-100,-100,-100,-81,-94,-86,-100,-100,-100,-90,-90,-65,-100,
-720,1520,-79,-77,-100,-100,-100,-100,-100,-100,-100,-100,-100,-100,-81,-93,-85,-100,-100,-100,-87,-90,-66,-100,
-720,1520,-79,-77,-100,-100,-100,-100,-100,-100,-100,-100,-100,-100,-81,-93,-85,-100,-100,-100,-87,-90,-66,-100,
-720,1520,-78,-73,-100,-100,-100,-90,-100,-100,-86,-100,-100,-100,-80,-100,-86,-100,-100,-100,-76,-87,-73,-100,
-720,1520,-79,-77,-100,-90,-100,-86,-100,-100,-100,-100,-100,-100,-80,-100,-87,-95,-100,-100,-100,-88,-70,-100,
-720,1520,-80,-78,-100,-100,-100,-100,-100,-100,-100,-100,-100,-100,-80,-93,-86,-100,-100,-100,-100,-87,-66,-100,
-720,1520,-84,-77,-100,-88,-100,-100,-100,-100,-100,-100,-100,-100,-84,-92,-88,-93,-100,-100,-86,-89,-100,-100,
-720,1520,-83,-76,-100,-100,-100,-88,-100,-100,-100,-100,-100,-100,-86,-94,-88,-94,-100,-100,-81,-92,-65,-100,
-720,1520,-88,-77,-100,-100,-100,-100,-100,-100,-100,-100,-100,-100,-83,-100,-84,-100,-100,-100,-78,-89,-61,-100,
-720,1520,-88,-77,-100,-100,-100,-100,-100,-100,-100,-100,-100,-100,-83,-100,-84,-100,-100,-100,-78,-89,-61,-100,
-720,1520,-90,-72,-100,-100,-91,-100,-100,-100,-90,-100,-100,-100,-81,-93,-88,-97,-100,-100,-100,-86,-61,-100,
-720,1520,-87,-74,-100,-100,-100,-100,-95,-100,-100,-100,-100,-100,-84,-100,-88,-95,-100,-100,-100,-87,-59,-100,
-720,1520,-88,-79,-100,-100,-90,-100,-100,-100,-100,-100,-100,-100,-86,-100,-88,-100,-100,-100,-100,-86,-62,-100,
-720,1520,-86,-79,-100,-100,-88,-100,-100,-100,-100,-100,-100,-100,-89,-96,-88,-95,-100,-100,-80,-91,-62,-100,
-720,1520,-86,-79,-100,-100,-88,-100,-100,-100,-100,-100,-100,-100,-89,-96,-88,-95,-100,-100,-80,-91,-62,-100,
-720,1520,-87,-69,-100,-100,-100,-100,-100,-100,-90,-100,-100,-100,-80,-100,-88,-94,-100,-100,-100,-86,-62,-100,
-50,1200,-85,-85,-100,-100,-100,-100,-100,-100,-100,-100,-100,-100,-100,-100,-100,-100,-100,-100,-100,-100,-62,-100,
-50,1200,-86,-87,-100,-100,-100,-78,-95,-100,-100,-100,-100,-100,-100,-100,-100,-100,-100,-100,-100,-100,-65,-100,
-50,1200,-85,-83,-100,-100,-100,-100,-100,-100,-100,-100,-100,-100,-91,-100,-100,-100,-100,-100,-67,-95,-62,-100,
-50,1200,-86,-83,-100,-100,-100,-100,-100,-100,-100,-100,-100,-100,-93,-100,-100,-100,-100,-100,-75,-96,-60,-100,
-50,1200,-82,-83,-100,-100,-100,-81,-100,-100,-100,-100,-100,-100,-90,-100,-91,-100,-100,-100,-100,-95,-60,-100,
-50,1200,-84,-80,-100,-100,-100,-100,-100,-100,-100,-100,-100,-100,-98,-100,-88,-100,-100,-100,-100,-89,-61,-100,
-50,1200,-100,-82,-100,-100,-100,-100,-95,-100,-100,-100,-100,-100,-94,-100,-100,-100,-100,-100,-100,-97,-62,-100,
-50,1200,-86,-78,-100,-100,-100,-100,-100,-100,-100,-100,-100,-100,-84,-100,-100,-100,-100,-100,-100,-100,-60,-100,
-50,1200,-85,-84,-100,-100,-100,-100,-100,-100,-100,-100,-100,-100,-88,-100,-100,-100,-100,-100,-100,-90,-59,-100,
-50,1200,-83,-83,-100,-100,-100,-100,-100,-100,-100,-100,-100,-100,-92,-100,-100,-100,-100,-100,-72,-90,-62,-100,
-50,1200,-82,-81,-100,-100,-100,-100,-100,-100,-100,-100,-100,-100,-100,-100,-92,-100,-100,-100,-75,-100,-63,-100,
-50,1200,-91,-85,-100,-100,-100,-100,-100,-100,-100,-100,-100,-100,-84,-100,-100,-100,-100,-100,-100,-96,-56,-100,
-50,1200,-80,-83,-100,-100,-100,-100,-100,-100,-100,-100,-100,-100,-88,-100,-90,-100,-100,-100,-70,-88,-59,-100,
-50,1200,-84,-80,-100,-100,-100,-83,-93,-100,-100,-100,-100,-100,-81,-100,-88,-100,-100,-100,-69,-100,-55,-100,
-50,1200,-87,-80,-100,-100,-100,-84,-100,-100,-100,-100,-100,-100,-86,-100,-90,-100,-100,-100,-100,-100,-73,-100,
-50,1200,-84,-81,-100,-100,-100,-100,-100,-100,-100,-100,-100,-100,-83,-100,-90,-100,-100,-100,-100,-88,-70,-100,
-50,1200,-87,-72,-100,-100,-100,-100,-86,-100,-100,-100,-100,-100,-84,-100,-100,-100,-100,-100,-100,-95,-59,-100,
-50,1200,-87,-78,-100,-100,-91,-82,-100,-100,-100,-100,-100,-100,-91,-100,-95,-100,-100,-100,-71,-100,-61,-100,
-50,1200,-88,-78,-100,-100,-100,-84,-97,-100,-100,-100,-100,-100,-85,-100,-94,-100,-100,-100,-100,-90,-61,-100,
-50,1200,-88,-82,-100,-100,-100,-100,-97,-100,-100,-100,-100,-100,-91,-100,-94,-100,-100,-100,-100,-93,-58,-100,
-50,1200,-78,-87,-100,-100,-100,-100,-100,-100,-100,-100,-100,-100,-85,-94,-92,-94,-100,-100,-100,-100,-63,-100,
-50,1200,-85,-87,-100,-100,-100,-94,-100,-100,-100,-100,-100,-100,-87,-94,-96,-100,-100,-100,-100,-94,-65,-100,
-50,1200,-80,-91,-100,-100,-100,-100,-100,-100,-100,-100,-100,-100,-87,-100,-94,-100,-100,-100,-100,-85,-70,-100,
-50,1200,-83,-85,-100,-100,-100,-100,-100,-100,-100,-100,-100,-100,-100,-100,-94,-100,-100,-100,-100,-84,-72,-100,
-50,1200,-82,-81,-100,-100,-100,-100,-100,-100,-100,-100,-100,-100,-88,-96,-95,-100,-100,-100,-100,-86,-73,-100,
-50,1200,-80,-77,-100,-100,-100,-100,-100,-100,-100,-100,-100,-100,-86,-100,-97,-100,-100,-100,-100,-100,-66,-100,
-50,1200,-81,-76,-100,-100,-100,-100,-100,-100,-100,-100,-100,-100,-100,-97,-100,-100,-100,-100,-83,-100,-64,-100,
-50,1200,-82,-81,-100,-100,-100,-100,-100,-100,-100,-100,-100,-100,-88,-98,-100,-100,-100,-100,-100,-84,-69,-100,
-50,1200,-86,-86,-100,-100,-100,-100,-100,-100,-100,-100,-100,-100,-85,-100,-100,-100,-100,-100,-80,-86,-70,-100,
-50,1200,-78,-86,-100,-100,-86,-100,-100,-100,-100,-100,-100,-100,-87,-100,-95,-100,-100,-100,-79,-95,-66,-100,
-50,1500,-92,-86,-100,-100,-100,-100,-100,-100,-100,-100,-100,-100,-80,-100,-92,-100,-100,-100,-100,-100,-68,-100,
-50,1500,-76,-78,-100,-100,-87,-100,-100,-100,-100,-100,-100,-100,-93,-100,-85,-100,-100,-100,-70,-90,-69,-100,
-50,1500,-75,-78,-100,-100,-100,-88,-100,-100,-100,-100,-100,-100,-86,-100,-84,-97,-100,-100,-100,-89,-69,-100,
-50,1500,-78,-80,-100,-100,-100,-100,-87,-100,-100,-100,-100,-100,-84,-98,-93,-100,-100,-100,-65,-90,-68,-93,
-50,1500,-87,-83,-100,-85,-100,-79,-100,-100,-100,-100,-95,-100,-87,-98,-88,-100,-100,-100,-100,-90,-68,-100,
-50,1500,-82,-80,-100,-100,-84,-100,-100,-100,-84,-100,-100,-100,-88,-100,-89,-100,-100,-100,-100,-88,-68,-100,
-50,1500,-78,-79,-100,-100,-100,-100,-87,-100,-100,-100,-100,-100,-85,-100,-91,-100,-100,-100,-100,-91,-70,-100,
-50,1500,-81,-81,-100,-100,-100,-100,-86,-100,-90,-100,-100,-100,-86,-95,-86,-100,-100,-100,-100,-90,-71,-100,
-50,1500,-79,-78,-100,-100,-100,-100,-100,-100,-100,-100,-100,-100,-89,-100,-100,-95,-100,-100,-100,-89,-66,-100,
-50,1500,-80,-78,-100,-100,-100,-100,-100,-100,-100,-100,-100,-100,-87,-100,-90,-97,-100,-100,-66,-88,-67,-100,
-50,1500,-83,-83,-100,-100,-100,-100,-100,-100,-100,-100,-100,-100,-89,-100,-91,-100,-100,-100,-100,-87,-72,-100,
-50,1500,-79,-80,-100,-100,-100,-100,-100,-100,-100,-100,-100,-100,-86,-100,-92,-100,-100,-100,-100,-91,-66,-100,
-50,1500,-82,-80,-100,-100,-100,-100,-100,-100,-100,-100,-100,-100,-85,-100,-84,-100,-100,-100,-100,-89,-74,-100,
-50,1500,-77,-80,-100,-100,-100,-100,-100,-100,-100,-100,-100,-100,-86,-100,-84,-100,-100,-100,-100,-88,-73,-100,
-50,1500,-78,-81,-100,-100,-100,-100,-100,-100,-100,-100,-100,-100,-87,-100,-82,-95,-100,-100,-72,-90,-70,-100,
-50,1500,-78,-82,-100,-87,-100,-100,-100,-100,-100,-100,-100,-100,-84,-100,-84,-100,-100,-100,-100,-89,-71,-100,
-50,1500,-79,-81,-100,-100,-100,-100,-100,-100,-100,-100,-100,-100,-86,-100,-95,-100,-100,-100,-100,-88,-64,-100,
-50,1500,-79,-80,-100,-100,-100,-100,-100,-100,-100,-100,-100,-100,-83,-97,-87,-100,-100,-100,-100,-90,-66,-100,
-50,1500,-80,-80,-100,-100,-92,-100,-100,-100,-100,-100,-100,-100,-84,-100,-83,-94,-100,-100,-100,-90,-66,-100,
-50,1500,-87,-80,-100,-100,-100,-100,-100,-100,-100,-100,-100,-100,-84,-100,-100,-100,-100,-100,-100,-88,-63,-100,
-50,1500,-81,-79,-100,-100,-100,-100,-100,-100,-100,-100,-100,-100,-100,-100,-90,-99,-100,-100,-100,-91,-62,-100,
-50,1500,-81,-81,-100,-100,-88,-100,-100,-100,-100,-100,-100,-100,-87,-100,-89,-93,-100,-100,-100,-100,-62,-100,
-50,1500,-83,-79,-100,-100,-88,-100,-100,-100,-100,-100,-100,-100,-85,-100,-100,-100,-100,-100,-100,-95,-60,-100,
-50,1500,-79,-76,-100,-100,-100,-100,-100,-100,-100,-100,-100,-100,-86,-94,-100,-100,-100,-100,-100,-94,-60,-100,
-50,1500,-83,-80,-100,-100,-100,-100,-100,-100,-100,-100,-100,-100,-86,-100,-100,-93,-100,-100,-100,-100,-60,-100,
-50,1500,-79,-76,-100,-100,-100,-100,-100,-100,-100,-100,-100,-100,-86,-100,-88,-94,-100,-100,-79,-100,-62,-100,
-50,1500,-82,-76,-100,-100,-100,-100,-100,-100,-100,-100,-100,-100,-86,-93,-88,-94,-100,-100,-79,-100,-63,-100,
-50,1500,-78,-77,-100,-100,-100,-100,-100,-100,-100,-100,-100,-100,-86,-100,-100,-93,-100,-100,-78,-100,-63,-100,
-50,1500,-82,-76,-100,-100,-100,-100,-100,-100,-100,-100,-100,-100,-86,-100,-100,-94,-100,-100,-77,-91,-79,-100,
-50,1500,-100,-76,-100,-100,-100,-100,-100,-100,-100,-100,-100,-100,-86,-100,-100,-100,-100,-100,-100,-97,-65,-100,
-700,1020,-72,-78,-100,-100,-100,-100,-100,-100,-100,-100,-100,-100,-81,-88,-88,-100,-100,-100,-100,-83,-72,-100,
-700,1020,-71,-71,-100,-100,-100,-100,-94,-100,-100,-100,-100,-100,-84,-94,-86,-96,-100,-100,-82,-81,-72,-100,
-700,1020,-73,-79,-100,-100,-100,-100,-100,-100,-100,-100,-100,-100,-86,-91,-84,-100,-100,-100,-100,-76,-75,-100,
-700,1020,-73,-70,-100,-100,-100,-100,-95,-100,-100,-100,-100,-100,-79,-84,-84,-100,-100,-100,-100,-81,-70,-100,
-700,1020,-77,-75,-100,-100,-100,-100,-100,-100,-100,-100,-100,-100,-82,-85,-85,-100,-100,-100,-100,-76,-72,-100,
-700,1020,-73,-79,-100,-100,-85,-100,-100,-100,-100,-100,-100,-100,-82,-90,-88,-100,-100,-100,-100,-88,-72,-100,
-700,1020,-73,-100,-100,-100,-100,-100,-98,-100,-100,-100,-100,-100,-83,-88,-92,-100,-100,-100,-100,-85,-70,-100,
-700,1020,-74,-74,-100,-100,-100,-100,-100,-100,-100,-100,-100,-100,-79,-90,-95,-100,-100,-100,-92,-82,-69,-100,
-700,1020,-70,-72,-100,-100,-100,-100,-100,-100,-100,-100,-100,-100,-77,-90,-89,-100,-100,-100,-100,-83,-71,-100,
-700,1020,-71,-85,-100,-100,-100,-100,-100,-100,-100,-100,-100,-100,-79,-85,-88,-100,-100,-100,-100,-86,-68,-100,
-700,1020,-68,-70,-100,-100,-100,-100,-100,-100,-100,-100,-100,-100,-79,-92,-90,-100,-100,-100,-100,-78,-72,-100,
-700,1020,-68,-81,-100,-100,-100,-100,-100,-100,-100,-100,-100,-100,-81,-100,-85,-100,-100,-100,-90,-91,-70,-100,
-700,1020,-74,-78,-100,-100,-100,-100,-100,-100,-100,-100,-100,-100,-79,-100,-100,-100,-100,-100,-90,-94,-66,-100,
-700,1020,-79,-82,-100,-100,-84,-100,-100,-100,-100,-100,-100,-100,-78,-90,-94,-100,-100,-100,-100,-95,-67,-100,
-700,1020,-82,-70,-100,-100,-100,-100,-100,-100,-89,-100,-100,-100,-80,-100,-100,-100,-100,-100,-100,-100,-67,-100,
-700,1020,-83,-100,-100,-100,-100,-100,-100,-100,-100,-100,-100,-100,-82,-92,-100,-100,-100,-100,-83,-88,-67,-100,
-700,1020,-81,-76,-100,-100,-100,-100,-100,-100,-100,-100,-100,-100,-83,-100,-100,-96,-100,-100,-100,-92,-65,-100,
-700,1020,-78,-71,-100,-87,-100,-100,-100,-100,-100,-100,-100,-100,-86,-100,-96,-100,-100,-100,-100,-94,-65,-100,
-700,1020,-75,-70,-100,-100,-100,-100,-100,-100,-100,-100,-100,-100,-84,-100,-100,-96,-100,-100,-100,-88,-64,-100,
-700,1020,-75,-72,-100,-100,-100,-100,-100,-100,-100,-100,-100,-100,-81,-93,-95,-100,-100,-100,-100,-82,-66,-100,
-700,1020,-72,-78,-100,-100,-100,-100,-100,-100,-100,-100,-100,-100,-83,-88,-86,-96,-100,-100,-89,-83,-68,-100,
-700,1020,-73,-74,-100,-100,-100,-100,-100,-100,-100,-100,-100,-100,-84,-86,-85,-94,-100,-100,-85,-81,-71,-100,
-700,1020,-73,-73,-100,-86,-100,-100,-100,-100,-100,-100,-100,-100,-83,-91,-100,-100,-100,-100,-100,-82,-70,-100,
-700,1020,-75,-77,-100,-100,-100,-100,-100,-100,-86,-100,-100,-100,-82,-92,-86,-91,-100,-100,-100,-82,-68,-100,
-700,1020,-78,-71,-100,-100,-87,-100,-100,-100,-100,-100,-100,-100,-86,-88,-100,-93,-100,-100,-100,-85,-66,-100,
-700,1020,-83,-70,-100,-100,-100,-100,-100,-100,-82,-100,-100,-100,-82,-91,-87,-92,-100,-100,-100,-82,-73,-100,
-700,1020,-78,-73,-100,-100,-100,-100,-100,-100,-100,-100,-100,-100,-83,-92,-86,-93,-100,-100,-100,-84,-66,-100,
-700,1020,-76,-70,-100,-100,-100,-100,-100,-100,-100,-100,-100,-100,-83,-90,-88,-100,-100,-100,-100,-85,-67,-100,
-700,1020,-80,-71,-100,-100,-90,-100,-100,-100,-100,-100,-100,-100,-82,-92,-83,-93,-100,-100,-100,-80,-100,-100,
-700,1020,-79,-71,-100,-100,-100,-100,-100,-100,-100,-100,-100,-100,-79,-91,-81,-96,-100,-100,-100,-84,-70,-100,
-460,650,-63,-80,-82,-100,-100,-100,-100,-100,-100,-100,-100,-100,-82,-92,-76,-92,-100,-100,-100,-80,-74,-100,
-460,650,-67,-78,-100,-100,-100,-100,-100,-100,-100,-100,-100,-100,-82,-87,-76,-92,-100,-100,-100,-79,-73,-100,
-460,650,-68,-80,-100,-100,-100,-100,-100,-100,-84,-100,-100,-100,-79,-87,-78,-92,-100,-100,-100,-79,-74,-100,
-460,650,-70,-80,-100,-77,-100,-100,-100,-100,-80,-100,-100,-100,-82,-84,-77,-91,-100,-100,-100,-83,-72,-100,
-460,650,-74,-86,-100,-75,-100,-100,-100,-100,-100,-100,-100,-100,-82,-85,-77,-92,-100,-100,-100,-82,-70,-100,
-460,650,-65,-87,-80,-75,-100,-100,-100,-100,-78,-100,-100,-100,-79,-86,-74,-89,-100,-100,-100,-76,-71,-100,
-460,650,-72,-79,-100,-77,-100,-100,-100,-100,-100,-100,-100,-100,-84,-88,-75,-92,-100,-100,-90,-82,-81,-100,
-460,650,-69,-79,-100,-100,-88,-100,-100,-100,-100,-100,-100,-100,-84,-87,-79,-92,-100,-100,-91,-76,-72,-100,
-460,650,-68,-85,-83,-77,-81,-100,-100,-100,-100,-100,-100,-100,-79,-83,-80,-88,-100,-100,-100,-76,-70,-100,
-460,650,-70,-81,-100,-79,-100,-100,-100,-100,-100,-100,-100,-100,-82,-86,-78,-90,-100,-100,-100,-80,-72,-100,
-460,650,-64,-78,-100,-86,-100,-100,-100,-100,-100,-100,-100,-100,-76,-87,-80,-88,-100,-100,-100,-81,-86,-100,
-460,650,-62,-86,-100,-81,-100,-100,-100,-100,-100,-100,-100,-100,-75,-87,-79,-91,-100,-100,-100,-84,-79,-100,
-460,650,-61,-87,-86,-100,-100,-100,-100,-100,-100,-100,-100,-100,-74,-86,-83,-89,-100,-100,-100,-81,-75,-100,
-460,650,-66,-83,-100,-100,-100,-100,-100,-100,-100,-100,-100,-100,-73,-90,-83,-100,-100,-100,-100,-78,-75,-100,
-460,650,-61,-83,-100,-78,-100,-100,-100,-100,-100,-100,-100,-100,-76,-85,-82,-95,-100,-100,-100,-77,-74,-100,
-460,650,-63,-86,-100,-76,-100,-100,-100,-100,-100,-100,-100,-100,-72,-86,-85,-92,-100,-100,-100,-86,-94,-100,
-460,650,-78,-86,-100,-100,-84,-100,-100,-100,-100,-100,-100,-100,-78,-82,-80,-92,-100,-100,-100,-81,-75,-100,
-460,650,-61,-88,-100,-100,-85,-100,-100,-100,-100,-100,-100,-100,-72,-91,-86,-96,-100,-100,-100,-78,-75,-100,
-460,650,-59,-90,-100,-100,-100,-100,-100,-100,-100,-100,-100,-100,-77,-85,-87,-90,-100,-100,-100,-93,-74,-100,
-460,650,-63,-90,-91,-100,-100,-100,-100,-100,-100,-100,-100,-100,-75,-84,-87,-96,-100,-100,-100,-80,-75,-100,
-460,650,-60,-81,-100,-100,-100,-100,-100,-100,-100,-100,-100,-100,-78,-95,-92,-100,-100,-100,-100,-88,-68,-100,
-460,650,-63,-77,-100,-100,-83,-100,-100,-100,-100,-100,-100,-100,-73,-100,-86,-98,-100,-100,-100,-83,-72,-100,
-460,650,-64,-85,-100,-84,-100,-100,-100,-100,-89,-100,-100,-100,-77,-100,-92,-97,-100,-100,-82,-82,-78,-100,
-460,650,-61,-84,-83,-100,-84,-100,-100,-100,-82,-100,-100,-100,-76,-100,-92,-94,-100,-100,-100,-84,-72,-100,
-460,650,-60,-76,-100,-100,-100,-100,-100,-100,-100,-100,-100,-100,-75,-100,-84,-100,-100,-100,-84,-86,-71,-100,
-460,650,-64,-78,-100,-100,-100,-100,-100,-100,-100,-100,-100,-100,-77,-92,-84,-100,-100,-100,-100,-86,-71,-100,
-460,650,-62,-77,-84,-100,-100,-100,-100,-100,-100,-100,-100,-100,-75,-100,-83,-100,-100,-100,-100,-86,-72,-100,
-460,650,-64,-77,-84,-100,-100,-100,-100,-100,-100,-100,-100,-100,-77,-100,-88,-100,-100,-100,-100,-100,-68,-100,
-460,650,-59,-80,-100,-100,-100,-100,-100,-100,-100,-100,-100,-100,-74,-98,-79,-100,-100,-100,-100,-83,-70,-100,
-460,650,-65,-79,-100,-100,-76,-100,-100,-100,-100,-100,-100,-100,-76,-100,-82,-94,-100,-100,-100,-84,-70,-100,
-460,-400,-73,-88,-100,-73,-75,-100,-100,-100,-74,-100,-100,-100,-82,-86,-77,-74,-100,-100,-100,-76,-100,-100,
-460,-400,-79,-84,-100,-72,-79,-100,-100,-100,-100,-100,-100,-100,-84,-88,-74,-79,-100,-100,-100,-74,-85,-100,
-460,-400,-83,-94,-86,-75,-100,-100,-100,-100,-100,-100,-100,-100,-85,-86,-78,-74,-100,-100,-100,-69,-88,-100,
-460,-400,-77,-84,-100,-100,-100,-100,-100,-100,-100,-100,-100,-100,-84,-88,-77,-72,-100,-100,-100,-70,-87,-100,
-460,-400,-80,-87,-100,-100,-100,-100,-100,-100,-100,-100,-100,-100,-75,-84,-76,-75,-100,-100,-100,-69,-91,-100,
-460,-400,-75,-85,-100,-100,-100,-100,-100,-100,-100,-100,-100,-100,-82,-84,-80,-73,-100,-100,-100,-65,-90,-100,
-460,-400,-80,-87,-100,-100,-100,-100,-100,-100,-100,-100,-100,-100,-82,-87,-85,-82,-100,-100,-100,-67,-90,-100,
-460,-400,-81,-93,-100,-100,-71,-100,-100,-100,-87,-100,-100,-100,-76,-87,-84,-72,-100,-100,-100,-66,-89,-100,
-460,-400,-74,-90,-100,-100,-100,-100,-100,-100,-100,-100,-100,-100,-74,-79,-79,-86,-100,-100,-100,-64,-88,-100,
-460,-400,-74,-89,-80,-100,-100,-100,-100,-100,-100,-100,-100,-100,-75,-79,-80,-83,-100,-100,-100,-65,-89,-100,
-460,-400,-82,-89,-100,-100,-70,-100,-100,-100,-100,-100,-100,-100,-76,-92,-69,-84,-100,-100,-100,-71,-100,-100,
-460,-400,-84,-80,-100,-100,-100,-100,-100,-100,-100,-100,-100,-100,-74,-88,-71,-86,-100,-100,-100,-71,-95,-100,
-460,-400,-80,-89,-100,-100,-100,-100,-100,-100,-100,-100,-100,-100,-82,-85,-67,-78,-100,-100,-100,-68,-86,-100,
-460,-400,-78,-83,-100,-100,-100,-100,-100,-100,-100,-100,-100,-100,-73,-86,-74,-90,-100,-100,-100,-66,-83,-100,
-460,-400,-78,-88,-100,-100,-100,-100,-100,-100,-78,-100,-100,-100,-78,-84,-68,-75,-100,-100,-100,-69,-87,-100,
-460,-400,-74,-86,-79,-80,-76,-100,-100,-100,-100,-100,-100,-100,-76,-85,-68,-75,-100,-100,-100,-69,-84,-100,
-460,-400,-82,-87,-80,-80,-77,-100,-100,-100,-74,-100,-100,-100,-77,-82,-67,-76,-100,-100,-100,-70,-89,-100,
-460,-400,-78,-89,-78,-66,-76,-100,-100,-100,-68,-100,-100,-100,-79,-100,-72,-90,-100,-100,-100,-70,-90,-100,
-460,-400,-74,-88,-80,-80,-84,-100,-100,-100,-100,-100,-100,-100,-77,-81,-68,-80,-100,-100,-100,-70,-80,-100,
-460,-400,-73,-83,-100,-100,-100,-100,-100,-100,-100,-100,-100,-100,-76,-86,-67,-75,-100,-100,-100,-71,-86,-100,
-460,-400,-78,-95,-100,-100,-100,-100,-100,-100,-100,-100,-100,-100,-86,-94,-79,-75,-100,-100,-100,-59,-92,-100,
-460,-400,-81,-92,-90,-73,-100,-100,-100,-100,-100,-100,-100,-100,-81,-92,-72,-77,-100,-100,-100,-64,-85,-100,
-460,-400,-83,-89,-100,-100,-100,-100,-100,-100,-71,-100,-100,-100,-93,-88,-72,-84,-100,-100,-100,-59,-90,-100,
-460,-400,-81,-100,-100,-100,-100,-100,-100,-100,-74,-100,-100,-100,-90,-94,-73,-76,-100,-100,-100,-71,-100,-100,
-460,-400,-81,-85,-100,-100,-100,-100,-100,-100,-72,-100,-100,-100,-85,-86,-75,-76,-100,-100,-100,-63,-86,-100,
-460,-400,-82,-100,-100,-100,-100,-100,-100,-100,-82,-100,-100,-100,-78,-100,-73,-79,-100,-100,-100,-63,-91,-100,
-460,-400,-83,-100,-100,-77,-79,-100,-100,-100,-76,-100,-100,-100,-79,-86,-71,-79,-100,-100,-100,-63,-86,-100,
-460,-400,-81,-89,-100,-74,-72,-100,-100,-100,-100,-100,-100,-100,-79,-89,-78,-74,-100,-100,-100,-56,-100,-100,
-460,-400,-82,-89,-100,-100,-72,-100,-100,-100,-100,-100,-100,-100,-77,-90,-73,-77,-100,-100,-100,-100,-90,-100,
-460,-400,-100,-87,-100,-100,-100,-100,-100,-100,-100,-100,-100,-100,-87,-100,-70,-76,-100,-100,-100,-58,-85,-100,
-460,-760,-80,-84,-100,-100,-71,-100,-100,-100,-100,-100,-100,-100,-89,-78,-77,-79,-100,-100,-100,-62,-87,-100,
-460,-760,-77,-84,-100,-100,-100,-100,-100,-100,-83,-100,-100,-100,-88,-74,-77,-75,-100,-100,-100,-62,-83,-100,
-460,-760,-80,-100,-100,-100,-100,-100,-100,-100,-100,-100,-100,-100,-82,-73,-77,-80,-100,-100,-100,-66,-84,-100,
-460,-760,-76,-90,-87,-71,-100,-100,-100,-100,-100,-100,-100,-100,-84,-74,-81,-74,-100,-100,-100,-58,-84,-100,
-460,-760,-76,-81,-100,-100,-100,-100,-100,-100,-100,-100,-100,-100,-85,-74,-74,-77,-100,-100,-100,-70,-86,-100,
-460,-760,-77,-89,-100,-75,-100,-100,-100,-100,-100,-100,-100,-100,-100,-73,-76,-70,-100,-100,-100,-59,-84,-100,
-460,-760,-76,-100,-100,-74,-100,-100,-100,-100,-100,-100,-100,-100,-87,-75,-75,-76,-100,-100,-100,-59,-87,-100,
-460,-760,-77,-84,-100,-100,-72,-100,-100,-100,-78,-100,-100,-100,-87,-75,-72,-82,-100,-100,-100,-59,-86,-100,
-460,-760,-77,-90,-100,-100,-73,-100,-100,-100,-100,-100,-100,-100,-100,-76,-74,-68,-100,-100,-100,-64,-90,-100,
-460,-760,-79,-89,-100,-100,-74,-100,-100,-100,-78,-100,-100,-100,-86,-75,-73,-84,-100,-100,-100,-58,-89,-100,
-460,-760,-82,-100,-83,-100,-68,-100,-100,-100,-74,-100,-100,-100,-84,-72,-73,-61,-100,-100,-100,-65,-100,-100,
-460,-760,-90,-88,-80,-100,-100,-100,-100,-100,-100,-100,-100,-100,-83,-78,-69,-64,-100,-100,-100,-78,-88,-100,
-460,-760,-83,-91,-100,-100,-100,-100,-100,-100,-78,-100,-100,-100,-84,-76,-70,-64,-100,-100,-100,-59,-90,-100,
-460,-760,-84,-91,-100,-100,-100,-100,-100,-100,-100,-100,-100,-100,-84,-78,-70,-74,-100,-100,-100,-59,-88,-100,
-460,-760,-89,-89,-77,-71,-100,-100,-100,-100,-100,-100,-100,-100,-82,-79,-72,-64,-100,-100,-100,-59,-90,-100,
-460,-760,-88,-95,-100,-74,-100,-100,-100,-100,-100,-100,-100,-100,-87,-84,-69,-64,-100,-100,-100,-60,-87,-100,
-460,-760,-84,-92,-100,-100,-100,-100,-100,-100,-100,-100,-100,-100,-89,-76,-69,-63,-100,-100,-100,-63,-87,-100,
-460,-760,-81,-100,-100,-100,-100,-100,-100,-100,-100,-100,-100,-100,-93,-85,-68,-73,-100,-100,-100,-68,-88,-100,
-460,-760,-90,-92,-100,-100,-70,-100,-100,-100,-100,-100,-100,-100,-83,-76,-72,-63,-100,-100,-100,-56,-88,-100,
-460,-760,-84,-93,-100,-73,-67,-100,-100,-100,-100,-100,-100,-100,-86,-78,-68,-74,-100,-100,-100,-60,-91,-94,
-460,-760,-74,-100,-100,-70,-71,-100,-100,-100,-100,-100,-100,-100,-76,-82,-77,-72,-100,-100,-100,-69,-85,-100,
-460,-760,-72,-89,-100,-100,-100,-100,-100,-100,-100,-100,-100,-100,-83,-83,-67,-82,-100,-100,-100,-66,-83,-100,
-460,-760,-77,-91,-100,-100,-100,-100,-100,-100,-100,-100,-100,-100,-87,-89,-70,-76,-100,-100,-100,-72,-84,-100,
-460,-760,-72,-85,-100,-100,-74,-100,-100,-100,-73,-100,-100,-100,-84,-89,-78,-75,-100,-100,-100,-61,-90,-100,
-460,-760,-75,-88,-81,-100,-77,-100,-100,-100,-100,-100,-100,-100,-84,-85,-70,-76,-100,-100,-100,-73,-86,-100,
-460,-760,-73,-89,-100,-70,-73,-100,-100,-100,-77,-100,-100,-100,-83,-84,-70,-87,-100,-100,-100,-70,-90,-100,
-460,-760,-75,-92,-77,-77,-100,-100,-100,-100,-73,-100,-100,-100,-88,-85,-68,-75,-100,-100,-100,-67,-81,-100,
-460,-760,-74,-100,-100,-100,-76,-100,-100,-100,-84,-100,-100,-100,-87,-83,-68,-90,-100,-100,-100,-61,-82,-100,
-460,-760,-73,-85,-100,-73,-100,-100,-100,-100,-84,-100,-100,-100,-88,-82,-66,-73,-100,-100,-100,-60,-92,-100,
-460,-760,-72,-94,-100,-100,-100,-100,-100,-100,-87,-100,-100,-100,-82,-85,-68,-73,-100,-100,-100,-60,-80,-100,
-700,-1000,-84,-92,-100,-100,-100,-100,-100,-100,-78,-100,-100,-100,-89,-73,-81,-76,-100,-100,-100,-65,-93,-100,
-700,-1000,-82,-100,-100,-100,-87,-100,-100,-100,-100,-100,-100,-98,-90,-68,-78,-75,-100,-100,-100,-70,-92,-100,
-700,-1000,-83,-100,-100,-100,-100,-100,-100,-100,-100,-100,-100,-100,-94,-70,-81,-69,-100,-100,-100,-62,-88,-100,
-700,-1000,-84,-100,-100,-77,-77,-100,-100,-100,-80,-100,-100,-100,-96,-70,-84,-70,-100,-100,-100,-100,-91,-100,
-700,-1000,-82,-100,-100,-100,-77,-100,-100,-100,-100,-100,-100,-100,-94,-75,-83,-72,-100,-100,-100,-63,-90,-100,
-700,-1000,-92,-100,-100,-78,-100,-100,-100,-100,-88,-100,-100,-100,-100,-82,-85,-77,-100,-100,-100,-65,-88,-100,
-700,-1000,-95,-100,-100,-100,-100,-100,-100,-100,-88,-100,-100,-100,-93,-86,-83,-76,-100,-100,-100,-64,-88,-100,
-700,-1000,-84,-100,-100,-100,-100,-100,-100,-100,-100,-100,-100,-100,-90,-74,-85,-74,-100,-100,-100,-65,-93,-100,
-700,-1000,-87,-100,-100,-100,-100,-100,-100,-100,-77,-100,-100,-100,-95,-68,-81,-66,-100,-100,-100,-60,-100,-100,
-700,-1000,-85,-98,-100,-100,-87,-100,-100,-100,-100,-100,-100,-100,-96,-71,-84,-69,-100,-100,-100,-66,-89,-100,
-700,-1000,-85,-95,-100,-100,-100,-100,-100,-100,-100,-100,-100,-100,-93,-87,-77,-62,-100,-100,-100,-72,-100,-100,
-700,-1000,-89,-100,-86,-100,-79,-100,-100,-100,-92,-100,-100,-100,-90,-76,-77,-72,-100,-100,-100,-73,-93,-100,
-700,-1000,-84,-95,-100,-100,-100,-100,-100,-100,-100,-100,-100,-100,-85,-76,-70,-79,-100,-100,-100,-63,-91,-100,
-700,-1000,-87,-100,-82,-100,-100,-100,-100,-100,-100,-100,-100,-100,-94,-77,-70,-69,-100,-100,-100,-66,-100,-100,
-700,-1000,-81,-100,-100,-87,-100,-100,-100,-100,-100,-100,-100,-100,-84,-75,-80,-66,-100,-100,-100,-63,-93,-100,
-700,-1000,-91,-100,-100,-100,-100,-100,-100,-100,-77,-100,-100,-100,-99,-75,-70,-64,-100,-100,-100,-67,-90,-100,
-700,-1000,-80,-96,-100,-100,-100,-100,-100,-100,-100,-100,-100,-100,-87,-76,-76,-67,-100,-100,-100,-63,-84,-100,
-700,-1000,-80,-94,-100,-100,-100,-100,-100,-100,-81,-100,-100,-100,-85,-74,-70,-77,-100,-100,-100,-65,-89,-100,
-700,-1000,-83,-100,-100,-100,-100,-100,-100,-100,-88,-100,-100,-100,-80,-74,-75,-64,-100,-100,-100,-65,-84,-100,
-700,-1000,-80,-96,-100,-72,-89,-100,-100,-100,-100,-100,-100,-100,-78,-73,-75,-74,-100,-100,-100,-67,-86,-100,
-700,-1000,-80,-100,-100,-100,-88,-100,-100,-100,-100,-100,-100,-100,-81,-77,-81,-70,-100,-100,-100,-60,-91,-100,
-700,-1000,-79,-87,-100,-100,-81,-100,-100,-100,-100,-100,-100,-100,-78,-75,-79,-83,-100,-100,-100,-59,-84,-100,
-700,-1000,-76,-95,-100,-76,-76,-100,-100,-100,-100,-100,-100,-100,-83,-80,-80,-70,-100,-100,-100,-63,-80,-100,
-700,-1000,-81,-100,-92,-74,-76,-100,-100,-100,-100,-100,-100,-100,-80,-100,-100,-75,-100,-100,-100,-57,-84,-100,
-700,-1000,-78,-89,-100,-100,-100,-100,-100,-100,-71,-100,-100,-100,-80,-79,-82,-71,-100,-100,-100,-56,-92,-100,
-700,-1000,-79,-90,-100,-100,-77,-100,-100,-100,-78,-100,-100,-100,-81,-75,-80,-82,-100,-100,-100,-59,-87,-100,
-700,-1000,-77,-90,-100,-100,-100,-100,-100,-100,-79,-100,-100,-100,-91,-80,-83,-77,-100,-100,-100,-60,-81,-100,
-700,-1000,-80,-91,-100,-100,-100,-100,-100,-100,-100,-100,-100,-100,-83,-74,-74,-77,-100,-100,-100,-56,-82,-100,
-700,-1000,-79,-88,-100,-76,-79,-100,-100,-100,-100,-100,-100,-100,-80,-77,-83,-78,-100,-100,-100,-56,-87,-100,
-700,-1000,-82,-90,-100,-81,-73,-100,-100,-100,-100,-100,-100,-100,-84,-80,-77,-78,-100,-100,-100,-57,-83,-100,
-1000,1100,-78,-65,-100,-100,-100,-100,-100,-100,-100,-100,-100,-100,-100,-100,-88,-90,-100,-100,-90,-88,-100,-100,
-1000,1100,-81,-62,-100,-100,-100,-100,-100,-100,-100,-100,-100,-100,-75,-100,-84,-90,-100,-100,-88,-94,-75,-100,
-1000,1100,-79,-60,-100,-100,-100,-100,-100,-100,-100,-100,-100,-100,-68,-100,-83,-91,-100,-100,-86,-94,-73,-100,
-1000,1100,-77,-70,-89,-100,-85,-100,-100,-100,-100,-100,-100,-100,-77,-100,-84,-100,-100,-100,-86,-100,-72,-100,
-1000,1100,-85,-61,-100,-100,-100,-100,-100,-100,-100,-100,-100,-100,-70,-100,-90,-92,-100,-100,-100,-90,-74,-100,
-1000,1100,-84,-59,-100,-100,-100,-100,-100,-100,-79,-100,-100,-100,-80,-100,-84,-100,-100,-100,-100,-100,-70,-100,
-1000,1100,-84,-75,-100,-100,-100,-100,-100,-100,-100,-100,-100,-100,-81,-100,-100,-93,-100,-100,-100,-91,-69,-100,
-1000,1100,-79,-63,-100,-100,-100,-100,-100,-100,-100,-100,-100,-100,-78,-100,-84,-94,-100,-100,-100,-93,-71,-100,
-1000,1100,-85,-62,-100,-82,-100,-100,-100,-100,-100,-100,-100,-100,-69,-100,-80,-94,-100,-100,-100,-87,-71,-100,
-1000,1100,-82,-61,-100,-100,-100,-100,-100,-100,-100,-100,-100,-100,-74,-100,-96,-92,-100,-100,-100,-94,-72,-100,
-1000,1100,-82,-64,-100,-100,-100,-100,-93,-100,-100,-100,-100,-100,-92,-100,-90,-100,-100,-100,-100,-100,-74,-100,
-1000,1100,-78,-66,-100,-83,-81,-100,-100,-100,-100,-100,-100,-100,-85,-100,-79,-100,-100,-100,-100,-88,-76,-100,
-1000,1100,-80,-67,-100,-100,-81,-100,-100,-100,-100,-100,-100,-100,-78,-100,-80,-100,-100,-100,-100,-92,-76,-100,
-1000,1100,-78,-70,-100,-100,-100,-100,-100,-100,-100,-100,-100,-100,-85,-100,-80,-100,-100,-100,-100,-92,-72,-100,
-1000,1100,-81,-66,-100,-100,-100,-100,-100,-100,-100,-100,-100,-100,-76,-100,-81,-100,-100,-100,-100,-92,-72,-100,
-1000,1100,-79,-64,-100,-100,-100,-100,-100,-100,-83,-100,-100,-100,-84,-100,-81,-100,-100,-100,-100,-91,-72,-100,
-1000,1100,-80,-64,-100,-100,-82,-100,-100,-100,-100,-100,-100,-100,-76,-100,-79,-100,-100,-100,-100,-93,-71,-100,
-1000,1100,-86,-70,-100,-100,-100,-100,-100,-100,-100,-100,-100,-100,-82,-100,-85,-100,-100,-100,-100,-90,-76,-100,
-1000,1100,-78,-67,-100,-100,-100,-94,-100,-100,-100,-100,-100,-100,-75,-100,-80,-100,-100,-100,-100,-91,-77,-100,
-1000,1100,-83,-64,-100,-100,-100,-100,-90,-100,-100,-100,-100,-100,-86,-100,-84,-100,-100,-100,-100,-92,-75,-100,
-1000,1100,-74,-66,-100,-100,-88,-100,-100,-100,-100,-100,-100,-100,-82,-100,-88,-100,-100,-100,-100,-100,-62,-100,
-1000,1100,-75,-70,-100,-100,-100,-100,-100,-100,-100,-100,-100,-100,-83,-100,-90,-100,-100,-100,-100,-87,-66,-100,
-1000,1100,-76,-64,-100,-100,-100,-100,-100,-100,-100,-100,-100,-100,-79,-100,-86,-100,-100,-100,-100,-96,-68,-100,
-1000,1100,-76,-64,-100,-100,-100,-100,-93,-100,-100,-100,-100,-100,-84,-100,-85,-100,-100,-100,-100,-93,-64,-100,
-1000,1100,-78,-68,-91,-100,-100,-100,-93,-100,-100,-100,-100,-100,-88,-100,-83,-100,-100,-100,-100,-93,-65,-100,
-1000,1100,-77,-62,-100,-100,-100,-100,-100,-100,-100,-100,-100,-100,-82,-100,-88,-100,-100,-100,-100,-96,-70,-100,
-1000,1100,-74,-71,-100,-80,-100,-100,-100,-100,-100,-100,-100,-100,-78,-100,-93,-100,-100,-100,-100,-94,-73,-100,
-1000,1100,-79,-60,-100,-100,-100,-100,-100,-100,-100,-100,-100,-100,-76,-100,-84,-100,-100,-100,-100,-92,-67,-100,
-1000,1100,-74,-61,-100,-100,-100,-100,-96,-100,-100,-100,-100,-100,-77,-100,-92,-100,-100,-100,-100,-96,-69,-100,
-1000,1100,-80,-66,-100,-100,-100,-100,-93,-100,-100,-100,-100,-100,-77,-96,-85,-100,-100,-100,-100,-100,-69,-100,
-1400,1300,-88,-64,-100,-100,-100,-100,-100,-100,-100,-100,-100,-100,-80,-100,-92,-100,-100,-100,-100,-93,-78,-100,
-1400,1300,-89,-62,-100,-100,-100,-100,-100,-100,-100,-100,-100,-100,-92,-100,-93,-100,-100,-100,-100,-88,-87,-100,
-1400,1300,-86,-58,-89,-100,-100,-100,-100,-100,-100,-100,-100,-100,-91,-100,-90,-100,-100,-100,-100,-88,-84,-100,
-1400,1300,-88,-68,-93,-100,-100,-100,-100,-100,-100,-100,-100,-100,-83,-100,-87,-100,-100,-100,-100,-86,-80,-100,
-1400,1300,-81,-60,-93,-100,-100,-100,-100,-100,-100,-100,-100,-100,-80,-100,-86,-100,-100,-100,-100,-100,-82,-100,
-1400,1300,-78,-62,-100,-100,-87,-100,-100,-100,-100,-100,-100,-100,-80,-100,-87,-94,-100,-100,-86,-97,-80,-100,
-1400,1300,-85,-61,-100,-100,-100,-100,-100,-100,-100,-100,-100,-100,-81,-100,-87,-100,-100,-100,-100,-86,-80,-100,
-1400,1300,-86,-63,-100,-100,-100,-100,-100,-100,-100,-100,-100,-100,-78,-100,-92,-100,-100,-100,-100,-98,-86,-100,
-1400,1300,-85,-59,-100,-100,-100,-100,-100,-100,-100,-100,-100,-100,-82,-100,-91,-100,-100,-100,-100,-100,-79,-100,
-1400,1300,-83,-61,-92,-100,-100,-100,-100,-100,-100,-100,-100,-100,-82,-100,-87,-100,-100,-100,-86,-90,-80,-100,
-1400,1300,-80,-73,-100,-100,-100,-100,-100,-100,-100,-100,-100,-100,-84,-100,-82,-100,-100,-100,-100,-100,-79,-100,
-1400,1300,-77,-100,-100,-100,-100,-100,-100,-100,-100,-100,-100,-100,-73,-100,-81,-100,-100,-100,-100,-100,-77,-100,
-1400,1300,-86,-63,-100,-100,-100,-100,-100,-100,-100,-100,-100,-100,-79,-100,-80,-100,-100,-100,-100,-100,-75,-100,
-1400,1300,-83,-62,-100,-100,-100,-100,-100,-100,-100,-100,-100,-100,-86,-100,-82,-100,-100,-100,-100,-100,-72,-100,
-1400,1300,-82,-64,-100,-100,-100,-100,-100,-100,-100,-100,-100,-100,-75,-100,-100,-100,-100,-100,-85,-90,-69,-100,
-1400,1300,-80,-66,-100,-100,-100,-100,-100,-100,-100,-100,-100,-100,-71,-100,-82,-100,-100,-100,-100,-94,-73,-100,
-1400,1300,-87,-62,-85,-100,-100,-100,-100,-100,-100,-100,-100,-100,-77,-100,-84,-100,-100,-100,-100,-97,-76,-100,
-1400,1300,-85,-67,-85,-100,-90,-100,-100,-100,-100,-100,-100,-100,-80,-100,-80,-100,-100,-100,-100,-97,-70,-100,
-1400,1300,-79,-64,-100,-100,-100,-100,-100,-100,-86,-100,-100,-100,-73,-100,-79,-100,-100,-100,-100,-93,-69,-100,
-1400,1300,-77,-63,-100,-100,-100,-100,-100,-100,-88,-100,-100,-100,-92,-100,-82,-100,-100,-100,-100,-100,-72,-100,
-1400,1300,-92,-61,-100,-100,-100,-100,-100,-100,-86,-100,-100,-100,-81,-100,-94,-100,-100,-100,-100,-100,-75,-100,
-1400,1300,-83,-63,-100,-100,-100,-87,-100,-100,-100,-100,-100,-100,-83,-100,-96,-100,-100,-100,-100,-100,-67,-100,
-1400,1300,-78,-59,-100,-100,-100,-87,-100,-100,-100,-100,-100,-100,-82,-100,-89,-100,-100,-100,-100,-100,-70,-100,
-1400,1300,-82,-60,-100,-100,-100,-88,-100,-100,-100,-100,-100,-100,-82,-100,-90,-100,-100,-100,-100,-100,-70,-100,
-1400,1300,-83,-63,-100,-100,-100,-90,-100,-100,-100,-100,-100,-100,-86,-100,-90,-100,-100,-100,-100,-100,-70,-100,
-1400,1300,-81,-63,-100,-100,-100,-100,-100,-100,-100,-100,-100,-100,-82,-100,-91,-100,-100,-100,-100,-100,-70,-100,
-1400,1300,-83,-63,-100,-100,-100,-100,-100,-100,-100,-100,-100,-100,-87,-100,-90,-100,-100,-100,-100,-100,-69,-100,
-1400,1300,-83,-63,-100,-100,-100,-100,-100,-100,-100,-100,-100,-100,-81,-100,-90,-100,-100,-100,-100,-100,-69,-100,
-1400,1300,-77,-70,-100,-100,-100,-100,-100,-100,-100,-100,-100,-100,-81,-100,-100,-100,-100,-100,-100,-100,-69,-100,
-1400,1300,-75,-79,-100,-100,-100,-100,-100,-100,-100,-100,-100,-100,-82,-100,-91,-100,-100,-100,-100,-100,-71,-100,
-1450,-1450,-100,-100,-100,-85,-100,-100,-100,-100,-100,-100,-100,-100,-96,-75,-87,-60,-100,-100,-100,-79,-100,-100,
-1450,-1450,-100,-100,-86,-100,-83,-100,-100,-100,-100,-100,-100,-100,-100,-73,-78,-66,-100,-100,-100,-82,-100,-93,
-1450,-1450,-95,-100,-100,-100,-100,-100,-100,-100,-100,-100,-100,-100,-100,-68,-86,-64,-100,-100,-100,-88,-100,-100,
-1450,-1450,-95,-100,-90,-100,-100,-100,-100,-100,-100,-100,-100,-100,-100,-74,-86,-67,-100,-100,-100,-88,-100,-93,
-1450,-1450,-95,-100,-100,-100,-100,-100,-100,-100,-87,-100,-100,-100,-100,-75,-89,-70,-100,-100,-100,-78,-100,-100,
-1450,-1450,-94,-100,-100,-100,-100,-100,-100,-100,-100,-100,-100,-100,-100,-81,-84,-64,-100,-100,-100,-86,-100,-100,
-1450,-1450,-94,-100,-100,-100,-100,-100,-100,-100,-100,-100,-100,-100,-100,-80,-100,-64,-100,-100,-100,-87,-100,-100,
-1450,-1450,-92,-100,-100,-80,-75,-100,-100,-100,-100,-100,-100,-100,-100,-73,-100,-64,-100,-100,-100,-87,-100,-93,
-1450,-1450,-100,-100,-100,-100,-100,-100,-100,-100,-100,-100,-100,-100,-100,-76,-84,-67,-100,-100,-100,-81,-100,-100,
-1450,-1450,-91,-100,-100,-100,-100,-100,-100,-100,-100,-100,-100,-100,-100,-74,-84,-67,-100,-100,-100,-79,-100,-100,
-1450,-1450,-88,-100,-100,-100,-100,-100,-100,-100,-100,-100,-100,-100,-92,-74,-83,-64,-100,-100,-100,-70,-100,-100,
-1450,-1450,-92,-100,-100,-100,-100,-100,-100,-100,-100,-100,-100,-100,-91,-78,-84,-62,-100,-100,-100,-67,-100,-100,
-1450,-1450,-85,-100,-86,-78,-100,-100,-100,-100,-100,-100,-100,-100,-93,-80,-81,-65,-100,-100,-100,-69,-100,-100,
-1450,-1450,-86,-100,-85,-78,-100,-100,-100,-100,-100,-100,-100,-100,-89,-75,-90,-65,-100,-100,-100,-71,-100,-100,
-1450,-1450,-87,-100,-100,-79,-100,-100,-100,-100,-100,-100,-100,-100,-91,-75,-85,-67,-100,-100,-100,-71,-100,-100,
-1450,-1450,-91,-100,-100,-100,-100,-100,-100,-100,-100,-100,-100,-100,-90,-77,-82,-68,-100,-100,-100,-79,-100,-100,
-1450,-1450,-100,-100,-100,-100,-76,-100,-100,-100,-78,-100,-100,-100,-92,-78,-91,-66,-100,-100,-100,-75,-100,-100,
-1450,-1450,-101,-95,-100,-100,-76,-100,-100,-100,-100,-100,-100,-100,-92,-85,-82,-68,-100,-100,-100,-70,-100,-100,
-1450,-1450,-95,-100,-100,-100,-100,-100,-100,-100,-83,-100,-100,-100,-93,-80,-86,-69,-100,-100,-100,-70,-100,-100,
-1450,-1450,-89,-100,-100,-100,-100,-100,-100,-100,-100,-100,-100,-100,-89,-81,-86,-76,-100,-100,-100,-70,-100,-100,
-1450,-1450,-96,-100,-100,-100,-100,-100,-100,-100,-81,-100,-100,-100,-88,-78,-86,-70,-100,-100,-100,-84,-100,-100,
-1450,-1450,-100,-100,-100,-100,-100,-100,-100,-100,-100,-100,-100,-100,-88,-85,-78,-75,-100,-100,-100,-76,-100,-100,
-1450,-1450,-100,-100,-88,-100,-100,-100,-100,-100,-100,-100,-100,-100,-100,-80,-84,-65,-100,-100,-100,-88,-100,-100,
-1450,-1450,-100,-100,-90,-100,-100,-100,-100,-100,-100,-100,-100,-100,-100,-79,-81,-66,-100,-100,-100,-81,-100,-100,
-1450,-1450,-90,-100,-87,-100,-100,-100,-100,-100,-100,-100,-100,-100,-100,-80,-86,-67,-100,-100,-100,-83,-100,-100,
-1450,-1450,-100,-100,-100,-100,-87,-100,-100,-100,-100,-100,-100,-100,-95,-73,-79,-64,-100,-100,-100,-83,-100,-100,
-1450,-1450,-91,-100,-100,-100,-87,-100,-100,-100,-82,-100,-100,-100,-100,-80,-79,-66,-100,-100,-100,-88,-100,-100,
-1450,-1450,-100,-100,-100,-100,-100,-100,-100,-100,-100,-100,-100,-100,-100,-73,-78,-68,-100,-100,-100,-90,-100,-100,
-1450,-1450,-100,-100,-100,-100,-78,-100,-100,-100,-85,-100,-100,-100,-95,-79,-83,-67,-100,-100,-100,-83,-100,-100,
-1450,-1450,-100,-100,-100,-100,-100,-100,-100,-100,-87,-100,-100,-100,-92,-77,-81,-72,-100,-100,-100,-79,-100,-100,
-940,-1070,-94,-100,-100,-100,-77,-100,-100,-100,-100,-100,-100,-100,-85,-73,-85,-67,-100,-100,-100,-69,-97,-100,
-940,-1070,-89,-100,-79,-100,-80,-100,-100,-100,-87,-100,-100,-100,-90,-77,-75,-69,-100,-100,-100,-75,-94,-100,
-940,-1070,-94,-100,-83,-69,-100,-100,-100,-100,-100,-100,-100,-100,-83,-80,-77,-68,-100,-100,-100,-65,-100,-90,
-940,-1070,-88,-95,-100,-71,-100,-100,-100,-100,-100,-100,-100,-100,-88,-80,-76,-67,-100,-100,-100,-64,-93,-100,
-940,-1070,-93,-97,-100,-100,-82,-100,-100,-100,-100,-100,-100,-100,-97,-79,-89,-68,-100,-100,-100,-76,-93,-100,
-940,-1070,-87,-100,-100,-100,-82,-100,-100,-100,-100,-100,-100,-100,-93,-74,-90,-79,-100,-100,-100,-70,-100,-100,
-940,-1070,-86,-100,-100,-100,-100,-100,-100,-100,-88,-100,-100,-100,-88,-72,-81,-67,-100,-100,-100,-67,-100,-100,
-940,-1070,-86,-100,-100,-100,-100,-100,-100,-100,-83,-100,-100,-100,-87,-81,-76,-70,-100,-100,-100,-67,-95,-100,
-940,-1070,-87,-95,-86,-100,-79,-100,-100,-100,-100,-100,-100,-100,-89,-74,-78,-72,-100,-100,-100,-68,-88,-100,
-940,-1070,-86,-100,-100,-73,-83,-100,-100,-100,-100,-100,-100,-100,-84,-75,-85,-67,-100,-100,-100,-67,-86,-100,
-1150,-1130,-98,-100,-100,-100,-100,-100,-100,-100,-100,-100,-100,-100,-86,-72,-85,-59,-100,-100,-100,-85,-100,-100,
-1150,-1130,-94,-100,-100,-100,-79,-100,-100,-100,-84,-100,-100,-100,-90,-74,-80,-55,-100,-100,-100,-75,-100,-100,
-1150,-1130,-93,-100,-100,-100,-75,-100,-100,-100,-100,-100,-100,-100,-93,-79,-81,-54,-100,-100,-100,-73,-100,-100,
-1150,-1130,-98,-100,-100,-81,-81,-100,-100,-100,-100,-100,-100,-100,-86,-79,-86,-55,-100,-100,-100,-83,-100,-100,
-1150,-1130,-100,-100,-100,-100,-100,-100,-100,-100,-100,-100,-100,-100,-97,-84,-83,-55,-100,-100,-100,-86,-100,-100,
-1150,-1130,-100,-100,-100,-100,-100,-100,-100,-100,-100,-100,-100,-100,-88,-86,-79,-54,-100,-100,-100,-78,-100,-100,
-1150,-1130,-100,-100,-100,-100,-100,-100,-100,-100,-100,-100,-100,-100,-94,-82,-81,-58,-100,-100,-100,-78,-100,-100,
-1150,-1130,-100,-100,-100,-100,-73,-100,-100,-100,-100,-100,-100,-100,-92,-76,-81,-54,-100,-100,-100,-82,-100,-100,
-1150,-1130,-100,-100,-90,-100,-77,-100,-100,-100,-100,-100,-100,-100,-92,-75,-81,-56,-100,-100,-100,-77,-100,-100,
-1150,-1130,-95,-100,-100,-100,-78,-100,-100,-100,-100,-100,-100,-100,-92,-79,-87,-61,-100,-100,-100,-72,-100,-100,
-940,-1070,-93,-100,-100,-100,-100,-100,-100,-100,-100,-100,-100,-100,-86,-73,-78,-57,-100,-100,-100,-62,-91,-100,
-940,-1070,-87,-100,-100,-71,-100,-100,-100,-100,-100,-100,-100,-100,-87,-75,-76,-54,-100,-100,-100,-68,-100,-100,
-940,-1070,-100,-100,-100,-100,-84,-100,-100,-100,-79,-100,-100,-100,-88,-74,-72,-54,-100,-100,-100,-62,-88,-100,
-940,-1070,-93,-100,-81,-100,-100,-100,-100,-100,-100,-100,-100,-100,-89,-73,-73,-55,-100,-100,-100,-61,-90,-100,
-940,-1070,-95,-100,-100,-100,-80,-100,-100,-100,-80,-100,-100,-100,-92,-72,-81,-56,-100,-100,-100,-67,-92,-100,
-940,-1070,-100,-100,-87,-100,-100,-100,-100,-100,-75,-100,-100,-100,-91,-100,-77,-58,-100,-100,-100,-66,-95,-100,
-940,-1070,-90,-100,-87,-76,-100,-100,-100,-100,-100,-100,-100,-100,-91,-72,-74,-57,-100,-100,-100,-65,-92,-100,
-940,-1070,-94,-100,-100,-100,-100,-100,-100,-100,-100,-100,-100,-100,-88,-72,-76,-56,-100,-100,-100,-60,-95,-100,
-940,-1070,-94,-100,-83,-100,-100,-100,-100,-100,-100,-100,-100,-100,-88,-71,-76,-64,-100,-100,-100,-65,-100,-100,
-940,-1070,-89,-100,-83,-100,-100,-100,-100,-100,-84,-100,-100,-100,-93,-71,-75,-58,-100,-100,-100,-68,-94,-100,
-680,-1200,-88,-95,-86,-100,-100,-100,-100,-100,-100,-100,-100,-100,-94,-57,-89,-77,-100,-100,-100,-73,-100,-100,
-680,-1200,-87,-94,-100,-100,-100,-100,-100,-100,-90,-100,-100,-100,-89,-55,-88,-76,-100,-100,-100,-73,-92,-100,
-680,-1200,-87,-94,-100,-100,-100,-100,-100,-100,-90,-100,-100,-100,-89,-55,-88,-76,-100,-100,-100,-73,-92,-100,
-680,-1200,-81,-96,-100,-100,-85,-100,-100,-100,-100,-100,-100,-100,-94,-54,-85,-75,-100,-100,-100,-69,-92,-83,
-680,-1200,-85,-92,-100,-100,-83,-100,-100,-100,-84,-100,-100,-100,-96,-54,-94,-71,-100,-100,-100,-74,-92,-84,
-680,-1200,-84,-95,-100,-100,-100,-100,-100,-100,-93,-100,-100,-100,-90,-60,-85,-75,-100,-100,-100,-78,-92,-84,
-680,-1200,-82,-93,-100,-100,-83,-100,-100,-100,-100,-100,-100,-100,-90,-55,-85,-70,-100,-100,-100,-70,-100,-87,
-680,-1200,-88,-93,-100,-100,-83,-100,-100,-100,-100,-100,-100,-100,-93,-56,-91,-70,-100,-100,-100,-75,-93,-86,
-680,-1200,-85,-93,-100,-84,-83,-100,-100,-100,-84,-100,-100,-100,-95,-54,-89,-77,-100,-100,-100,-68,-92,-100,
-680,-1200,-85,-93,-100,-84,-83,-100,-100,-100,-84,-100,-100,-100,-95,-54,-89,-77,-100,-100,-100,-68,-92,-100,
-680,-1200,-85,-94,-100,-100,-100,-100,-100,-100,-100,-100,-93,-100,-87,-58,-93,-70,-100,-100,-100,-70,-90,-100,
-680,-1200,-93,-100,-100,-81,-80,-100,-100,-100,-100,-100,-100,-100,-90,-57,-100,-81,-100,-100,-100,-69,-88,-100,
-680,-1200,-91,-92,-100,-100,-100,-100,-100,-100,-100,-100,-100,-94,-89,-57,-89,-71,-100,-100,-100,-68,-92,-92,
-680,-1200,-90,-94,-100,-100,-79,-100,-100,-100,-79,-100,-100,-100,-87,-58,-90,-76,-100,-100,-100,-68,-90,-100,
-680,-1200,-100,-100,-85,-100,-100,-100,-100,-100,-100,-100,-100,-100,-90,-60,-83,-71,-100,-100,-100,-68,-90,-90,
-680,-1200,-82,-98,-89,-100,-90,-100,-100,-100,-100,-100,-100,-100,-88,-59,-80,-70,-100,-100,-100,-66,-95,-100,
-680,-1200,-87,-94,-100,-100,-83,-100,-100,-100,-100,-100,-100,-100,-86,-60,-80,-71,-100,-100,-100,-67,-94,-100,
-680,-1200,-87,-94,-100,-100,-83,-100,-100,-100,-100,-100,-100,-100,-86,-60,-80,-71,-100,-100,-100,-67,-94,-100,
-680,-1200,-89,-95,-100,-100,-87,-100,-100,-100,-100,-100,-100,-94,-89,-57,-88,-72,-100,-100,-100,-67,-95,-86,
-680,-1200,-91,-100,-100,-100,-80,-100,-100,-100,-100,-100,-95,-93,-87,-57,-93,-72,-100,-100,-100,-66,-91,-91,
-680,-1200,-84,-100,-83,-100,-80,-100,-100,-100,-92,-100,-100,-100,-92,-59,-90,-71,-100,-100,-100,-70,-95,-88,
-680,-1200,-84,-92,-100,-75,-100,-100,-100,-100,-77,-100,-100,-100,-92,-63,-87,-72,-100,-100,-100,-72,-93,-100,
-680,-1200,-84,-92,-100,-75,-100,-100,-100,-100,-77,-100,-100,-100,-92,-63,-87,-72,-100,-100,-100,-72,-93,-100,
-680,-1200,-86,-92,-100,-74,-77,-100,-100,-100,-100,-100,-94,-97,-90,-63,-94,-70,-100,-100,-100,-70,-96,-100,
-680,-1200,-84,-91,-100,-100,-100,-100,-100,-100,-89,-100,-100,-100,-93,-64,-83,-69,-100,-100,-100,-70,-100,-100,
-680,-1200,-83,-100,-100,-100,-100,-100,-100,-100,-78,-100,-100,-100,-88,-64,-82,-70,-100,-100,-100,-66,-100,-87,
-680,-1200,-83,-92,-100,-100,-100,-100,-100,-100,-100,-100,-100,-100,-92,-64,-81,-67,-100,-100,-100,-76,-94,-88,
-680,-1200,-83,-89,-100,-100,-100,-100,-100,-100,-100,-100,-100,-98,-93,-61,-84,-71,-100,-100,-100,-67,-100,-88,
-680,-1200,-83,-90,-100,-100,-100,-100,-100,-100,-100,-100,-100,-100,-88,-64,-86,-69,-100,-100,-100,-68,-94,-87,
-680,-1200,-82,-100,-100,-76,-100,-100,-100,-100,-100,-100,-100,-100,-92,-63,-84,-70,-100,-100,-100,-70,-100,-100,
-50,-1400,-100,-100,-100,-100,-100,-100,-100,-100,-100,-100,-100,-100,-100,-79,-90,-84,-100,-100,-100,-82,-100,-100,
-50,-1400,-93,-100,-100,-100,-100,-100,-100,-100,-100,-100,-100,-100,-90,-73,-89,-80,-100,-100,-100,-82,-100,-79,
-50,-1400,-88,-100,-86,-100,-100,-100,-100,-100,-100,-100,-100,-100,-100,-67,-88,-79,-100,-100,-100,-76,-100,-76,
-50,-1400,-88,-100,-86,-100,-100,-100,-100,-100,-100,-100,-100,-100,-100,-67,-88,-79,-100,-100,-100,-76,-100,-76,
-50,-1400,-100,-100,-100,-100,-100,-100,-100,-96,-91,-100,-100,-100,-100,-67,-93,-78,-100,-100,-100,-75,-100,-76,
-50,-1400,-96,-100,-89,-100,-100,-100,-100,-93,-100,-100,-100,-90,-90,-67,-91,-81,-100,-100,-100,-74,-100,-76,
-50,-1400,-93,-100,-100,-100,-86,-100,-100,-100,-100,-100,-100,-100,-94,-68,-89,-86,-100,-100,-100,-74,-100,-79,
-50,-1400,-94,-100,-100,-100,-88,-100,-100,-97,-91,-100,-100,-100,-100,-68,-91,-84,-100,-100,-100,-72,-100,-78,
-50,-1400,-94,-100,-100,-100,-100,-100,-100,-100,-100,-100,-100,-100,-95,-68,-92,-85,-100,-100,-100,-72,-100,-78,
-50,-1400,-94,-100,-100,-100,-100,-100,-100,-100,-100,-100,-100,-100,-95,-68,-92,-85,-100,-100,-100,-72,-100,-78,
-50,-1400,-100,-100,-100,-100,-100,-100,-100,-100,-93,-100,-100,-95,-91,-70,-86,-74,-100,-100,-100,-70,-100,-100,
-50,-1400,-100,-100,-100,-100,-100,-100,-100,-100,-93,-100,-100,-95,-91,-70,-86,-74,-100,-100,-100,-70,-100,-100,
-50,-1400,-100,-100,-100,-100,-100,-100,-100,-100,-93,-100,-100,-95,-91,-70,-86,-74,-100,-100,-100,-70,-100,-100,
-50,-1400,-100,-100,-100,-100,-100,-100,-100,-100,-93,-100,-100,-95,-91,-70,-86,-74,-100,-100,-100,-70,-100,-100,
-50,-1400,-100,-100,-100,-100,-100,-100,-100,-100,-93,-100,-100,-95,-91,-70,-86,-74,-100,-100,-100,-70,-100,-100,
-50,-1400,-86,-92,-100,-100,-100,-100,-100,-100,-100,-100,-100,-96,-87,-62,-85,-70,-100,-100,-100,-76,-100,-100,
-50,-1400,-86,-100,-87,-100,-100,-100,-100,-100,-100,-100,-100,-93,-89,-65,-83,-74,-100,-100,-100,-66,-100,-83,
-50,-1400,-94,-93,-88,-100,-100,-100,-100,-100,-100,-100,-100,-92,-93,-65,-84,-73,-100,-100,-100,-66,-100,-82,
-50,-1400,-94,-93,-88,-100,-100,-100,-100,-100,-100,-100,-100,-92,-93,-65,-84,-73,-100,-100,-100,-66,-100,-82,
-50,-1400,-86,-95,-100,-100,-84,-100,-100,-100,-100,-100,-100,-100,-84,-66,-81,-74,-100,-100,-100,-66,-100,-86,
-50,-1400,-85,-100,-100,-100,-100,-100,-100,-100,-100,-100,-100,-100,-100,-66,-89,-78,-100,-100,-100,-78,-100,-100,
-50,-1400,-86,-100,-100,-100,-86,-100,-100,-100,-100,-100,-100,-100,-95,-67,-89,-78,-100,-100,-100,-81,-96,-100,
-50,-1400,-86,-100,-100,-100,-86,-100,-100,-100,-100,-100,-100,-100,-95,-67,-89,-78,-100,-100,-100,-81,-96,-100,
-50,-1400,-87,-100,-100,-77,-100,-100,-100,-100,-100,-100,-100,-100,-89,-71,-90,-82,-100,-100,-100,-77,-91,-88,
-50,-1400,-87,-95,-100,-100,-100,-100,-100,-96,-100,-100,-100,-100,-93,-71,-90,-79,-100,-100,-100,-75,-90,-84,
-50,-1400,-91,-100,-100,-100,-100,-100,-100,-100,-100,-100,-100,-100,-95,-74,-83,-77,-100,-100,-100,-79,-94,-100,
-50,-1400,-87,-100,-100,-100,-100,-100,-100,-100,-100,-100,-100,-100,-97,-69,-83,-79,-100,-100,-100,-81,-92,-90,
-50,-1400,-87,-100,-100,-100,-100,-100,-100,-100,-100,-100,-100,-100,-100,-66,-89,-78,-100,-100,-100,-79,-92,-81,
-50,-1400,-87,-100,-100,-100,-100,-100,-100,-100,-100,-100,-100,-100,-100,-66,-89,-78,-100,-100,-100,-79,-92,-81,
-50,-1400,-88,-100,-100,-100,-100,-100,-100,-100,-86,-100,-100,-100,-95,-70,-86,-77,-100,-100,-100,-76,-95,-100,
-430,-1400,-87,-94,-100,-100,-100,-100,-100,-100,-100,-100,-92,-100,-92,-55,-100,-82,-100,-100,-100,-79,-100,-92,
-430,-1400,-87,-94,-100,-100,-100,-100,-100,-100,-100,-100,-92,-100,-92,-55,-100,-82,-100,-100,-100,-79,-100,-92,
-430,-1400,-87,-93,-100,-100,-80,-100,-100,-100,-100,-100,-100,-100,-100,-60,-88,-75,-100,-100,-100,-78,-90,-100,
-430,-1400,-84,-100,-92,-100,-100,-100,-100,-100,-100,-100,-100,-100,-100,-58,-92,-78,-100,-100,-100,-77,-90,-100,
-430,-1400,-93,-100,-100,-100,-78,-100,-100,-100,-100,-100,-100,-95,-95,-61,-86,-76,-100,-100,-100,-76,-90,-100,
-430,-1400,-82,-98,-100,-84,-80,-100,-100,-100,-100,-100,-100,-94,-96,-59,-91,-76,-100,-100,-100,-76,-91,-100,
-430,-1400,-81,-100,-100,-100,-79,-100,-100,-100,-100,-100,-100,-100,-92,-58,-88,-82,-100,-100,-100,-76,-91,-100,
-430,-1400,-81,-100,-100,-100,-79,-100,-100,-100,-100,-100,-100,-100,-92,-58,-88,-82,-100,-100,-100,-76,-91,-100,
-430,-1400,-81,-93,-100,-100,-100,-100,-100,-100,-100,-100,-100,-100,-100,-59,-92,-82,-100,-100,-100,-76,-92,-87,
-430,-1400,-90,-97,-100,-100,-100,-100,-100,-100,-86,-100,-100,-92,-100,-58,-86,-79,-100,-100,-100,-82,-93,-90,
-430,-1400,-90,-100,-100,-100,-100,-100,-100,-100,-100,-100,-100,-100,-100,-66,-88,-79,-100,-100,-100,-76,-100,-100,
-430,-1400,-86,-100,-100,-100,-100,-100,-100,-100,-100,-100,-100,-100,-93,-62,-84,-80,-100,-100,-100,-77,-95,-89,
-430,-1400,-86,-100,-100,-100,-100,-100,-100,-100,-100,-100,-100,-100,-93,-62,-84,-80,-100,-100,-100,-77,-95,-89,
-430,-1400,-91,-100,-100,-100,-100,-100,-100,-100,-100,-100,-100,-100,-90,-62,-83,-82,-100,-100,-100,-76,-95,-86,
-430,-1400,-88,-100,-100,-100,-100,-100,-100,-100,-79,-100,-100,-100,-89,-62,-84,-85,-100,-100,-100,-71,-98,-81,
-430,-1400,-86,-100,-100,-100,-100,-100,-100,-100,-100,-100,-100,-100,-89,-62,-84,-82,-100,-100,-100,-79,-100,-100,
-430,-1400,-91,-100,-100,-100,-100,-100,-100,-100,-100,-100,-100,-100,-86,-64,-80,-77,-100,-100,-100,-76,-100,-83,
-430,-1400,-91,-100,-100,-100,-100,-100,-100,-100,-100,-100,-100,-100,-86,-64,-80,-77,-100,-100,-100,-76,-100,-83,
-430,-1400,-87,-100,-100,-100,-82,-100,-100,-100,-81,-100,-100,-100,-87,-65,-82,-84,-100,-100,-100,-73,-96,-100,
-430,-1400,-89,-100,-100,-100,-87,-100,-100,-100,-100,-100,-100,-100,-94,-64,-83,-100,-100,-100,-100,-72,-92,-100,
-1150,-1130,-100,-100,-100,-100,-100,-100,-100,-100,-100,-100,-100,-100,-100,-77,-93,-66,-100,-100,-100,-80,-100,-100,
-1150,-1130,-100,-100,-100,-100,-100,-100,-100,-100,-100,-100,-100,-100,-100,-76,-87,-64,-100,-100,-100,-78,-100,-100,
-1150,-1130,-100,-100,-100,-100,-100,-100,-100,-100,-100,-100,-100,-100,-100,-76,-87,-64,-100,-100,-100,-78,-100,-100,
-1150,-1130,-100,-100,-100,-100,-85,-100,-100,-100,-87,-100,-100,-100,-91,-70,-80,-64,-100,-100,-100,-83,-100,-100,
-1150,-1130,-95,-100,-100,-84,-84,-100,-100,-100,-100,-100,-100,-100,-94,-74,-85,-61,-100,-100,-100,-88,-100,-100,
-1150,-1130,-95,-100,-84,-81,-88,-100,-100,-100,-100,-100,-100,-100,-92,-77,-85,-59,-100,-100,-100,-75,-100,-100,
-1150,-1130,-96,-100,-100,-100,-100,-100,-100,-100,-80,-100,-100,-100,-91,-74,-84,-61,-100,-100,-100,-82,-100,-100,
-1150,-1130,-95,-100,-100,-81,-83,-100,-100,-100,-86,-100,-100,-100,-90,-70,-85,-59,-100,-100,-100,-81,-100,-100,
-1150,-1130,-98,-100,-100,-79,-100,-100,-100,-100,-80,-100,-100,-100,-92,-74,-81,-59,-100,-100,-100,-80,-100,-100,
-1150,-1130,-98,-100,-100,-79,-100,-100,-100,-100,-80,-100,-100,-100,-92,-74,-81,-59,-100,-100,-100,-80,-100,-100,
-1150,-1130,-93,-100,-100,-85,-78,-100,-100,-100,-80,-100,-100,-100,-87,-78,-100,-60,-100,-100,-100,-74,-100,-100,
-1150,-1130,-93,-100,-100,-85,-78,-100,-100,-100,-80,-100,-100,-100,-87,-78,-100,-60,-100,-100,-100,-74,-100,-100,
-1150,-1130,-100,-100,-100,-100,-100,-100,-100,-100,-76,-100,-100,-100,-88,-80,-76,-72,-100,-100,-100,-72,-93,-100,
-1150,-1130,-94,-100,-96,-75,-87,-100,-100,-100,-83,-100,-100,-100,-90,-73,-78,-67,-100,-100,-100,-81,-93,-100,
-1150,-1130,-95,-100,-94,-73,-78,-100,-100,-100,-90,-100,-100,-100,-88,-76,-79,-54,-100,-100,-100,-70,-100,-100,
-1150,-1130,-100,-100,-100,-79,-78,-100,-100,-100,-100,-100,-100,-100,-89,-76,-78,-66,-100,-100,-100,-70,-100,-100,
-1150,-1130,-92,-100,-100,-71,-100,-100,-100,-100,-89,-100,-100,-100,-93,-75,-76,-64,-100,-100,-100,-70,-100,-100,
-1150,-1130,-93,-100,-84,-100,-84,-100,-100,-100,-82,-100,-100,-100,-88,-76,-82,-65,-100,-100,-100,-68,-100,-100,
-1150,-1130,-93,-100,-84,-100,-84,-100,-100,-100,-82,-100,-100,-100,-88,-76,-82,-65,-100,-100,-100,-68,-100,-100,
-1150,-1130,-91,-100,-86,-70,-100,-100,-100,-100,-81,-100,-100,-100,-89,-74,-83,-62,-100,-100,-100,-70,-95,-100,